Orthogroup	Species	H_robusta_2	Orthologs
OG0000000	A_granulata_2	H_robusta|ESO10944.1	A_granulata|model.g24978.t1_1
OG0000000	C_virginica_2	H_robusta|ESO10944.1	C_virginica|XP_022320371.1
OG0000000	O_bimaculoides_2	H_robusta|ESO10944.1	O_bimaculoides|XP_014771511.1
OG0000000	S_constricta_2	H_robusta|ESO10944.1	S_constricta|evm.model.ctg599.11
OG0000003	L_gigantea_2	H_robusta|ESO09370.1	L_gigantea|XP_009065411.1
OG0000003	A_granulata_2	H_robusta|ESO09122.1	A_granulata|model.g26226.t1_1, A_granulata|model.g9167.t1_1, A_granulata|model.g8281.t1_1, A_granulata|model.g24679.t1_1, A_granulata|model.g21540.t1_1, A_granulata|model.g12389.t1.1.5d3b8706_1, A_granulata|model.g24762.t1_1
OG0000003	P_fucata_2	H_robusta|ESO09122.1	P_fucata|Pma_10019567, P_fucata|Pma_10026084, P_fucata|Pma_10016768, P_fucata|Pma_10018667, P_fucata|Pma_10005546, P_fucata|Pma_10010620, P_fucata|Pma_10029768, P_fucata|Pma_10026467, P_fucata|Pma_10026468, P_fucata|Pma_10022917, P_fucata|Pma_10013537, P_fucata|Pma_10006800, P_fucata|Pma_10012388, P_fucata|Pma_10024689, P_fucata|Pma_10024688, P_fucata|Pma_10003317, P_fucata|Pma_231.16, P_fucata|Pma_10014369, P_fucata|Pma_10026952, P_fucata|Pma_10012847, P_fucata|Pma_10031664, P_fucata|Pma_10031663, P_fucata|Pma_10008865, P_fucata|Pma_10004263, P_fucata|Pma_10006091, P_fucata|Pma_10024776, P_fucata|Pma_10024777, P_fucata|Pma_10024778, P_fucata|Pma_10.1359, P_fucata|Pma_10003793, P_fucata|Pma_10004519, P_fucata|Pma_10004520, P_fucata|Pma_145.761, P_fucata|Pma_10002742, P_fucata|Pma_1.232, P_fucata|Pma_201.324, P_fucata|Pma_10007192, P_fucata|Pma_10028043, P_fucata|Pma_10021077, P_fucata|Pma_10001023, P_fucata|Pma_10021076, P_fucata|Pma_453.236, P_fucata|Pma_5.1168, P_fucata|Pma_10012077, P_fucata|Pma_10010621, P_fucata|Pma_10013353, P_fucata|Pma_10027183, P_fucata|Pma_10022603, P_fucata|Pma_328.141, P_fucata|Pma_10002536, P_fucata|Pma_10031633, P_fucata|Pma_10026479, P_fucata|Pma_10018317, P_fucata|Pma_10029981, P_fucata|Pma_10029982, P_fucata|Pma_10014538, P_fucata|Pma_10030213, P_fucata|Pma_424.232, P_fucata|Pma_10029971, P_fucata|Pma_10018092
OG0000003	C_virginica_2	H_robusta|ESO09122.1	C_virginica|XP_022337452.1, C_virginica|XP_022296221.1, C_virginica|XP_022296188.1, C_virginica|XP_022301452.1, C_virginica|XP_022305689.1, C_virginica|XP_022309521.1, C_virginica|XP_022339384.1, C_virginica|XP_022328733.1, C_virginica|XP_022335146.1, C_virginica|XP_022330423.1, C_virginica|XP_022328732.1, C_virginica|XP_022335114.1, C_virginica|XP_022333687.1, C_virginica|XP_022333991.1, C_virginica|XP_022333686.1, C_virginica|XP_022333990.1, C_virginica|XP_022343542.1, C_virginica|XP_022309038.1, C_virginica|XP_022331274.1, C_virginica|XP_022337605.1, C_virginica|XP_022345326.1, C_virginica|XP_022310239.1, C_virginica|XP_022310854.1, C_virginica|XP_022310240.1, C_virginica|XP_022310856.1, C_virginica|XP_022339391.1, C_virginica|XP_022330926.1, C_virginica|XP_022330927.1, C_virginica|XP_022330928.1, C_virginica|XP_022292929.1, C_virginica|XP_022289652.1, C_virginica|XP_022287104.1, C_virginica|XP_022290415.1, C_virginica|XP_022287107.1, C_virginica|XP_022295073.1, C_virginica|XP_022297397.1, C_virginica|XP_022300762.1, C_virginica|XP_022295064.1, C_virginica|XP_022290814.1, C_virginica|XP_022290815.1, C_virginica|XP_022295028.1, C_virginica|XP_022299379.1, C_virginica|XP_022290497.1, C_virginica|XP_022293349.1, C_virginica|XP_022294732.1, C_virginica|XP_022293350.1, C_virginica|XP_022294733.1, C_virginica|XP_022294739.1, C_virginica|XP_022293077.1, C_virginica|XP_022294154.1, C_virginica|XP_022293075.1, C_virginica|XP_022294740.1, C_virginica|XP_022293080.1, C_virginica|XP_022294741.1, C_virginica|XP_022294432.1, C_virginica|XP_022294750.1, C_virginica|XP_022293578.1, C_virginica|XP_022293573.1, C_virginica|XP_022294207.1, C_virginica|XP_022294646.1, C_virginica|XP_022332278.1, C_virginica|XP_022344015.1, C_virginica|XP_022344065.1, C_virginica|XP_022335781.1, C_virginica|XP_022343659.1, C_virginica|XP_022295727.1, C_virginica|XP_022299926.1, C_virginica|XP_022295699.1, C_virginica|XP_022295728.1, C_virginica|XP_022304396.1
OG0000003	S_constricta_2	H_robusta|ESO09122.1	S_constricta|evm.model.ctg805.3, S_constricta|evm.model.ctg189.102, S_constricta|evm.model.ctg1215.4, S_constricta|evm.model.ctg360.4, S_constricta|evm.model.ctg171.2, S_constricta|evm.model.ctg125.7, S_constricta|evm.model.ctg367.17, S_constricta|evm.model.ctg367.16, S_constricta|evm.model.ctg6522.1, S_constricta|evm.model.ctg377.32_evm.model.ctg377.31, S_constricta|evm.model.ctg377.30, S_constricta|evm.model.ctg1004.8, S_constricta|evm.model.ctg2331.1, S_constricta|evm.model.ctg55.55, S_constricta|evm.model.ctg2331.2, S_constricta|evm.model.ctg2230.1, S_constricta|evm.model.ctg101.5, S_constricta|evm.model.ctg416.3, S_constricta|evm.model.ctg88.8, S_constricta|evm.model.ctg642.12, S_constricta|evm.model.ctg401.21, S_constricta|evm.model.ctg859.5, S_constricta|evm.model.ctg1045.8, S_constricta|evm.model.ctg263.18, S_constricta|evm.model.ctg30.44, S_constricta|evm.model.ctg370.15, S_constricta|evm.model.ctg370.16.1, S_constricta|evm.model.ctg370.17.1, S_constricta|evm.model.ctg52.31, S_constricta|evm.model.ctg791.11, S_constricta|evm.model.ctg1599.1, S_constricta|evm.model.ctg791.12, S_constricta|evm.model.ctg3910.2, S_constricta|evm.model.ctg46.3, S_constricta|evm.model.ctg140.28, S_constricta|evm.model.ctg140.29, S_constricta|evm.model.ctg2046.12, S_constricta|evm.model.ctg5546.1, S_constricta|evm.model.ctg2046.11, S_constricta|evm.model.ctg2046.13, S_constricta|evm.model.ctg1840.1, S_constricta|evm.model.ctg140.26, S_constricta|evm.model.ctg2046.10, S_constricta|evm.model.ctg1771.1, S_constricta|evm.model.ctg1977.1, S_constricta|evm.model.ctg1708.1, S_constricta|evm.model.ctg1755.1, S_constricta|evm.model.ctg125.83, S_constricta|evm.model.ctg142.51.1, S_constricta|evm.model.ctg4263.1, S_constricta|evm.model.ctg1804.2
OG0000003	L_gigantea_2	H_robusta|ESO09122.1	L_gigantea|XP_009061655.1, L_gigantea|XP_009061656.1, L_gigantea|XP_009058591.1, L_gigantea|XP_009057653.1, L_gigantea|XP_009059572.1, L_gigantea|XP_009053437.1, L_gigantea|XP_009059573.1, L_gigantea|XP_009053435.1, L_gigantea|XP_009053436.1, L_gigantea|XP_009061854.1
OG0000003	B_glabrata_2	H_robusta|ESO09122.1	B_glabrata|XP_013061439.1
OG0000005	B_glabrata_2	H_robusta|ESN91818.1	B_glabrata|XP_013072793.1, B_glabrata|XP_013072794.1, B_glabrata|XP_013089577.1, B_glabrata|XP_013077191.1, B_glabrata|XP_013061378.1, B_glabrata|XP_013080113.1, B_glabrata|XP_013075511.1, B_glabrata|XP_013096443.1, B_glabrata|XP_013083331.1, B_glabrata|XP_013092206.1, B_glabrata|XP_013082780.1, B_glabrata|XP_013088661.1, B_glabrata|XP_013088025.1, B_glabrata|XP_013061765.1, B_glabrata|XP_013086084.1, B_glabrata|XP_013081961.1, B_glabrata|XP_013075681.1, B_glabrata|XP_013081962.1, B_glabrata|XP_013081963.1, B_glabrata|XP_013081965.1, B_glabrata|XP_013089173.1, B_glabrata|XP_013093286.1, B_glabrata|XP_013082945.1, B_glabrata|XP_013094513.1, B_glabrata|XP_013092334.1, B_glabrata|XP_013092332.1, B_glabrata|XP_013094255.1, B_glabrata|XP_013066380.1, B_glabrata|XP_013066356.1, B_glabrata|XP_013082453.1, B_glabrata|XP_013083094.1, B_glabrata|XP_013082529.1, B_glabrata|XP_013082539.1, B_glabrata|XP_013076119.1, B_glabrata|XP_013077360.1, B_glabrata|XP_013080600.1, B_glabrata|XP_013081547.1, B_glabrata|XP_013076118.1, B_glabrata|XP_013089599.1, B_glabrata|XP_013089597.1, B_glabrata|XP_013090871.1, B_glabrata|XP_013084274.1, B_glabrata|XP_013077835.1, B_glabrata|XP_013077843.1, B_glabrata|XP_013063815.1, B_glabrata|XP_013073839.1, B_glabrata|XP_013076040.1, B_glabrata|XP_013089007.1, B_glabrata|XP_013064133.1, B_glabrata|XP_013090255.1, B_glabrata|XP_013073022.1, B_glabrata|XP_013090256.1, B_glabrata|XP_013090263.1, B_glabrata|XP_013090264.1, B_glabrata|XP_013090257.1, B_glabrata|XP_013093212.1, B_glabrata|XP_013079825.1, B_glabrata|XP_013079826.1, B_glabrata|XP_013087274.1, B_glabrata|XP_013079939.1, B_glabrata|XP_013079824.1, B_glabrata|XP_013079821.1, B_glabrata|XP_013090258.1, B_glabrata|XP_013092710.1, B_glabrata|XP_013090262.1, B_glabrata|XP_013090259.1, B_glabrata|XP_013090260.1, B_glabrata|XP_013079822.1, B_glabrata|XP_013079823.1, B_glabrata|XP_013093829.1, B_glabrata|XP_013073621.1, B_glabrata|XP_013076820.1, B_glabrata|XP_013064687.1, B_glabrata|XP_013085673.1, B_glabrata|XP_013092714.1, B_glabrata|XP_013063792.1, B_glabrata|XP_013095252.1, B_glabrata|XP_013093447.1, B_glabrata|XP_013095637.1, B_glabrata|XP_013095635.1, B_glabrata|XP_013081639.1, B_glabrata|XP_013095633.1, B_glabrata|XP_013095639.1, B_glabrata|XP_013062259.1, B_glabrata|XP_013074238.1, B_glabrata|XP_013073127.1, B_glabrata|XP_013070931.1, B_glabrata|XP_013088875.1, B_glabrata|XP_013085672.1, B_glabrata|XP_013083470.1, B_glabrata|XP_013095634.1, B_glabrata|XP_013085869.1, B_glabrata|XP_013090038.1, B_glabrata|XP_013065601.1, B_glabrata|XP_013093534.1, B_glabrata|XP_013065598.1, B_glabrata|XP_013065599.1, B_glabrata|XP_013065602.1, B_glabrata|XP_013065603.1, B_glabrata|XP_013091977.1, B_glabrata|XP_013093140.1, B_glabrata|XP_013076976.1, B_glabrata|XP_013093930.1, B_glabrata|XP_013076977.1, B_glabrata|XP_013071039.1, B_glabrata|XP_013076490.1, B_glabrata|XP_013095830.1, B_glabrata|XP_013071040.1, B_glabrata|XP_013093295.1, B_glabrata|XP_013096201.1, B_glabrata|XP_013091101.1, B_glabrata|XP_013070912.1, B_glabrata|XP_013070941.1, B_glabrata|XP_013092831.1, B_glabrata|XP_013089113.1, B_glabrata|XP_013096743.1, B_glabrata|XP_013088913.1, B_glabrata|XP_013088915.1, B_glabrata|XP_013078205.1, B_glabrata|XP_013088914.1, B_glabrata|XP_013060752.1, B_glabrata|XP_013060753.1, B_glabrata|XP_013083635.1, B_glabrata|XP_013060751.1, B_glabrata|XP_013072938.1, B_glabrata|XP_013067980.1, B_glabrata|XP_013083115.1, B_glabrata|XP_013079575.1, B_glabrata|XP_013095595.1, B_glabrata|XP_013060748.1, B_glabrata|XP_013060750.1, B_glabrata|XP_013092510.1, B_glabrata|XP_013060749.1, B_glabrata|XP_013068911.1, B_glabrata|XP_013068912.1, B_glabrata|XP_013096365.1, B_glabrata|XP_013068910.1, B_glabrata|XP_013068909.1, B_glabrata|XP_013068923.1, B_glabrata|XP_013065689.1, B_glabrata|XP_013089696.1, B_glabrata|XP_013089697.1, B_glabrata|XP_013075900.1, B_glabrata|XP_013066216.1, B_glabrata|XP_013075477.1, B_glabrata|XP_013093186.1, B_glabrata|XP_013078857.1, B_glabrata|XP_013064834.1, B_glabrata|XP_013083285.1, B_glabrata|XP_013070490.1, B_glabrata|XP_013094572.1, B_glabrata|XP_013096891.1, B_glabrata|XP_013076081.1, B_glabrata|XP_013080139.1, B_glabrata|XP_013077931.1, B_glabrata|XP_013072739.1, B_glabrata|XP_013065800.1
OG0000007	S_constricta_2	H_robusta|ESN93723.1	S_constricta|evm.model.ctg436.5
OG0000007	C_virginica_2	H_robusta|ESN93723.1	C_virginica|XP_022308431.1
OG0000007	P_fucata_2	H_robusta|ESN93723.1	P_fucata|Pma_10017847
OG0000007	A_granulata_2	H_robusta|ESN93723.1	A_granulata|model.g6273.t1_1
OG0000007	L_gigantea_2	H_robusta|ESN93723.1	L_gigantea|XP_009046443.1
OG0000007	A_granulata_2	H_robusta|ESO04500.1	A_granulata|evm.model.Super-Scaffold_100004.707_1
OG0000007	L_gigantea_2	H_robusta|ESO04500.1	L_gigantea|XP_009046440.1
OG0000007	B_glabrata_2	H_robusta|ESO04500.1	B_glabrata|XP_013075772.1
OG0000007	C_virginica_2	H_robusta|ESO04500.1	C_virginica|XP_022307961.1
OG0000007	P_fucata_2	H_robusta|ESO04500.1	P_fucata|Pma_10010607, P_fucata|Pma_532.177
OG0000007	S_constricta_2	H_robusta|ESO04500.1	S_constricta|evm.model.ctg412.18
OG0000007	A_granulata_2	H_robusta|ESO04949.1	A_granulata|evm.model.Super-Scaffold_100009.926_1
OG0000007	P_fucata_2	H_robusta|ESO04949.1	P_fucata|Pma_10023862
OG0000007	B_glabrata_2	H_robusta|ESO04949.1	B_glabrata|XP_013082066.1
OG0000007	A_granulata_2	H_robusta|ESO13175.1	A_granulata|evm.model.Super-Scaffold_100004.333_1
OG0000007	L_gigantea_2	H_robusta|ESO13175.1	L_gigantea|XP_009052766.1
OG0000007	O_bimaculoides_2	H_robusta|ESO13175.1	O_bimaculoides|XP_014776564.1
OG0000007	A_granulata_2	H_robusta|ESN99971.1	A_granulata|evm.model.Super-Scaffold_100004.295_1
OG0000007	O_bimaculoides_2	H_robusta|ESO09755.1	O_bimaculoides|XP_014780359.1
OG0000007	C_virginica_2	H_robusta|ESO09755.1	C_virginica|XP_022319262.1, C_virginica|XP_022316903.1
OG0000007	L_gigantea_2	H_robusta|ESO09755.1	L_gigantea|XP_009055159.1, L_gigantea|XP_009055160.1
OG0000007	B_glabrata_2	H_robusta|ESO09755.1	B_glabrata|XP_013090876.1, B_glabrata|XP_013079326.1
OG0000007	S_constricta_2	H_robusta|ESO09755.1	S_constricta|evm.model.ctg76.75, S_constricta|evm.model.ctg380.19
OG0000007	A_granulata_2	H_robusta|ESO09755.1	A_granulata|evm.model.Super-Scaffold_100004.411_1
OG0000007	P_fucata_2	H_robusta|ESO09755.1	P_fucata|Pma_10001157
OG0000007	S_constricta_2	H_robusta|ESO05584.1	S_constricta|evm.model.ctg2181.2
OG0000007	C_virginica_2	H_robusta|ESO05584.1	C_virginica|XP_022286090.1
OG0000007	L_gigantea_2	H_robusta|ESO05584.1	L_gigantea|XP_009063633.1
OG0000007	A_granulata_2	H_robusta|ESO05584.1	A_granulata|evm.model.Super-Scaffold_100004.301_1
OG0000007	O_bimaculoides_2	H_robusta|ESN90265.1, H_robusta|ESO07168.1	O_bimaculoides|XP_014789021.1
OG0000007	L_gigantea_2	H_robusta|ESN90265.1, H_robusta|ESO07168.1	L_gigantea|XP_009046437.1
OG0000007	A_granulata_2	H_robusta|ESN90265.1, H_robusta|ESO07168.1	A_granulata|model.g6264.t1_model.g6265.t1_1
OG0000007	C_virginica_2	H_robusta|ESN90265.1, H_robusta|ESO07168.1	C_virginica|XP_022291943.1
OG0000007	S_constricta_2	H_robusta|ESN90265.1, H_robusta|ESO07168.1	S_constricta|evm.model.ctg412.15
OG0000007	C_virginica_2	H_robusta|ESO01742.1	C_virginica|XP_022326937.1
OG0000007	L_gigantea_2	H_robusta|ESO01742.1	L_gigantea|XP_009065435.1
OG0000007	O_bimaculoides_2	H_robusta|ESO01742.1	O_bimaculoides|XP_014780502.1
OG0000007	A_granulata_2	H_robusta|ESO01742.1	A_granulata|model.g13936.t1_1
OG0000007	B_glabrata_2	H_robusta|ESO01742.1	B_glabrata|XP_013081957.1
OG0000007	S_constricta_2	H_robusta|ESO01742.1	S_constricta|evm.model.ctg306.3
OG0000007	P_fucata_2	H_robusta|ESO01742.1	P_fucata|Pma_10023863
OG0000007	C_virginica_2	H_robusta|ESN95559.1	C_virginica|XP_022328330.1
OG0000007	P_fucata_2	H_robusta|ESN95559.1	P_fucata|Pma_10023861, P_fucata|Pma_10007466, P_fucata|Pma_10016649
OG0000007	S_constricta_2	H_robusta|ESN95559.1	S_constricta|evm.model.ctg306.4
OG0000007	L_gigantea_2	H_robusta|ESN95559.1	L_gigantea|XP_009065436.1
OG0000007	O_bimaculoides_2	H_robusta|ESN95559.1	O_bimaculoides|XP_014769873.1
OG0000007	B_glabrata_2	H_robusta|ESN95559.1	B_glabrata|XP_013082062.1
OG0000007	A_granulata_2	H_robusta|ESN95559.1	A_granulata|model.g13938.t1_1
OG0000007	O_bimaculoides_2	H_robusta|ESO01497.1	O_bimaculoides|XP_014767862.1
OG0000007	C_virginica_2	H_robusta|ESO01497.1	C_virginica|XP_022324615.1
OG0000007	A_granulata_2	H_robusta|ESO01497.1	A_granulata|model.g5761.t1_1
OG0000007	B_glabrata_2	H_robusta|ESO01497.1	B_glabrata|XP_013063618.1
OG0000007	L_gigantea_2	H_robusta|ESO01497.1	L_gigantea|XP_009046479.1
OG0000007	P_fucata_2	H_robusta|ESO01497.1	P_fucata|Pma_10016536
OG0000007	B_glabrata_2	H_robusta|ESN90430.1, H_robusta|ESN99512.1	B_glabrata|XP_013094229.1
OG0000007	P_fucata_2	H_robusta|ESN90430.1	P_fucata|Pma_10032672
OG0000007	C_virginica_2	H_robusta|ESN99512.1	C_virginica|XP_022320319.1, C_virginica|XP_022320653.1
OG0000007	P_fucata_2	H_robusta|ESN99512.1	P_fucata|Pma_10027249
OG0000007	S_constricta_2	H_robusta|ESN99512.1	S_constricta|evm.model.ctg562.15
OG0000007	L_gigantea_2	H_robusta|ESN99512.1	L_gigantea|XP_009065931.1
OG0000007	A_granulata_2	H_robusta|ESN93724.1, H_robusta|ESO04948.1	A_granulata|model.g6270.t1.2.5d3b84cf_1
OG0000007	L_gigantea_2	H_robusta|ESN93724.1, H_robusta|ESO04948.1	L_gigantea|XP_009046441.1
OG0000007	C_virginica_2	H_robusta|ESN93724.1, H_robusta|ESO04948.1	C_virginica|XP_022340779.1
OG0000007	P_fucata_2	H_robusta|ESN93724.1, H_robusta|ESO04948.1	P_fucata|Pma_10017849
OG0000007	L_gigantea_2	H_robusta|ESO07165.1	L_gigantea|XP_009046445.1, L_gigantea|XP_009046444.1
OG0000007	B_glabrata_2	H_robusta|ESO07165.1	B_glabrata|XP_013086911.1, B_glabrata|XP_013093880.1
OG0000007	O_bimaculoides_2	H_robusta|ESO07165.1	O_bimaculoides|XP_014781016.1
OG0000007	S_constricta_2	H_robusta|ESO07165.1	S_constricta|evm.model.ctg436.1, S_constricta|evm.model.ctg436.4
OG0000007	C_virginica_2	H_robusta|ESO07165.1	C_virginica|XP_022309837.1, C_virginica|XP_022342129.1
OG0000007	P_fucata_2	H_robusta|ESO07165.1	P_fucata|Pma_10008710
OG0000007	A_granulata_2	H_robusta|ESO07165.1	A_granulata|model.g6274.t1_1
OG0000009	L_gigantea_2	H_robusta|ESN91984.1	L_gigantea|XP_009058738.1
OG0000009	O_bimaculoides_2	H_robusta|ESN91984.1	O_bimaculoides|XP_014778038.1
OG0000009	A_granulata_2	H_robusta|ESO12556.1	A_granulata|evm.model.Super-Scaffold_100012.506_1
OG0000009	B_glabrata_2	H_robusta|ESO12556.1	B_glabrata|XP_013076273.1
OG0000009	L_gigantea_2	H_robusta|ESO12556.1	L_gigantea|XP_009044518.1
OG0000009	C_virginica_2	H_robusta|ESO12556.1	C_virginica|XP_022335688.1
OG0000009	P_fucata_2	H_robusta|ESO12556.1	P_fucata|Pma_10032418
OG0000009	O_bimaculoides_2	H_robusta|ESO12556.1	O_bimaculoides|XP_014769217.1
OG0000009	P_fucata_2	H_robusta|ESN95234.1	P_fucata|Pma_10011588
OG0000009	C_virginica_2	H_robusta|ESN95234.1	C_virginica|XP_022308211.1
OG0000009	S_constricta_2	H_robusta|ESN95234.1	S_constricta|evm.model.ctg1628.1, S_constricta|evm.model.ctg6192.1, S_constricta|evm.model.ctg1696.4
OG0000009	L_gigantea_2	H_robusta|ESN95234.1	L_gigantea|XP_009046723.1, L_gigantea|XP_009058115.1, L_gigantea|XP_009059556.1
OG0000009	B_glabrata_2	H_robusta|ESN95234.1	B_glabrata|XP_013080003.1, B_glabrata|XP_013094576.1, B_glabrata|XP_013063268.1, B_glabrata|XP_013062473.1
OG0000009	O_bimaculoides_2	H_robusta|ESN95234.1	O_bimaculoides|XP_014768316.1
OG0000009	A_granulata_2	H_robusta|ESN95530.1, H_robusta|ESO00696.1	A_granulata|evm.model.Super-Scaffold_100002.833_1, A_granulata|evm.model.Super-Scaffold_100013.583_1
OG0000009	S_constricta_2	H_robusta|ESN95530.1, H_robusta|ESO00696.1	S_constricta|evm.model.ctg6778.1
OG0000009	C_virginica_2	H_robusta|ESN95530.1, H_robusta|ESO00696.1	C_virginica|XP_022338842.1, C_virginica|XP_022338942.1
OG0000009	L_gigantea_2	H_robusta|ESO05234.1, H_robusta|ESN99757.1	L_gigantea|XP_009064159.1, L_gigantea|XP_009053527.1
OG0000009	A_granulata_2	H_robusta|ESO05234.1, H_robusta|ESN99757.1	A_granulata|evm.model.Super-Scaffold_100010.662_1, A_granulata|evm.model.Super-Scaffold_505.1121_1, A_granulata|evm.model.Super-Scaffold_100006.676_1, A_granulata|evm.model.Super-Scaffold_505.1606_1
OG0000009	S_constricta_2	H_robusta|ESO05234.1, H_robusta|ESN99757.1	S_constricta|evm.model.ctg923.6
OG0000009	P_fucata_2	H_robusta|ESO05234.1, H_robusta|ESN99757.1	P_fucata|Pma_10012832
OG0000009	B_glabrata_2	H_robusta|ESO05234.1, H_robusta|ESN99757.1	B_glabrata|XP_013063303.1
OG0000009	A_granulata_2	H_robusta|ESO08076.1, H_robusta|ESO08099.1	A_granulata|evm.model.Super-Scaffold_100014.34_1
OG0000009	A_granulata_2	H_robusta|ESO00154.1, H_robusta|ESO04934.1	A_granulata|model.g14108.t1_1
OG0000009	B_glabrata_2	H_robusta|ESO00154.1, H_robusta|ESO04934.1	B_glabrata|XP_013082520.1
OG0000009	L_gigantea_2	H_robusta|ESO00154.1, H_robusta|ESO04934.1	L_gigantea|XP_009053915.1
OG0000009	S_constricta_2	H_robusta|ESO00154.1, H_robusta|ESO04934.1	S_constricta|evm.model.ctg1144.9
OG0000009	C_virginica_2	H_robusta|ESO00154.1, H_robusta|ESO04934.1	C_virginica|XP_022286105.1, C_virginica|XP_022346077.1
OG0000009	P_fucata_2	H_robusta|ESO05551.1, H_robusta|ESO05549.1, H_robusta|ESO05547.1, H_robusta|ESO05561.1, H_robusta|ESO05580.1, H_robusta|ESO05560.1, H_robusta|ESO05555.1, H_robusta|ESO05548.1, H_robusta|ESN96742.1, H_robusta|ESN96743.1, H_robusta|ESO05658.1, H_robusta|ESO05557.1, H_robusta|ESO05562.1, H_robusta|ESO05579.1, H_robusta|ESO05553.1, H_robusta|ESO05565.1, H_robusta|ESN90439.1, H_robusta|ESN93770.1	P_fucata|Pma_325.96
OG0000009	C_virginica_2	H_robusta|ESO05551.1, H_robusta|ESO05549.1, H_robusta|ESO05547.1, H_robusta|ESO05561.1, H_robusta|ESO05580.1, H_robusta|ESO05560.1, H_robusta|ESO05555.1, H_robusta|ESO05548.1, H_robusta|ESN96742.1, H_robusta|ESN96743.1, H_robusta|ESO05658.1, H_robusta|ESO05557.1, H_robusta|ESO05562.1, H_robusta|ESO05579.1, H_robusta|ESO05553.1, H_robusta|ESO05565.1, H_robusta|ESN90439.1, H_robusta|ESN93770.1	C_virginica|XP_022338373.1, C_virginica|XP_022338900.1
OG0000009	B_glabrata_2	H_robusta|ESO05551.1, H_robusta|ESO05549.1, H_robusta|ESO05547.1, H_robusta|ESO05561.1, H_robusta|ESO05580.1, H_robusta|ESO05560.1, H_robusta|ESO05555.1, H_robusta|ESO05548.1, H_robusta|ESN96742.1, H_robusta|ESN96743.1, H_robusta|ESO05658.1, H_robusta|ESO05557.1, H_robusta|ESO05562.1, H_robusta|ESO05579.1, H_robusta|ESO05553.1, H_robusta|ESO05565.1, H_robusta|ESN90439.1, H_robusta|ESN93770.1	B_glabrata|XP_013071348.1
OG0000009	A_granulata_2	H_robusta|ESO05551.1, H_robusta|ESO05549.1, H_robusta|ESO05547.1, H_robusta|ESO05561.1, H_robusta|ESO05580.1, H_robusta|ESO05560.1, H_robusta|ESO05555.1, H_robusta|ESO05548.1, H_robusta|ESN96742.1, H_robusta|ESN96743.1, H_robusta|ESO05658.1, H_robusta|ESO05557.1, H_robusta|ESO05562.1, H_robusta|ESO05579.1, H_robusta|ESO05553.1, H_robusta|ESO05565.1, H_robusta|ESN90439.1, H_robusta|ESN93770.1	A_granulata|evm.model.Super-Scaffold_100006.1281_1, A_granulata|model.g14402.t1_1
OG0000009	O_bimaculoides_2	H_robusta|ESN90439.1, H_robusta|ESN93770.1	O_bimaculoides|XP_014768598.1, O_bimaculoides|XP_014771819.1
OG0000011	C_virginica_2	H_robusta|ESN93667.1, H_robusta|ESO04681.1	C_virginica|XP_022340848.1
OG0000011	L_gigantea_2	H_robusta|ESN93667.1	L_gigantea|XP_009053022.1
OG0000011	B_glabrata_2	H_robusta|ESN93667.1	B_glabrata|XP_013083200.1
OG0000011	A_granulata_2	H_robusta|ESN93667.1	A_granulata|model.g14860.t1_1
OG0000011	O_bimaculoides_2	H_robusta|ESN93667.1	O_bimaculoides|XP_014785327.1
OG0000011	S_constricta_2	H_robusta|ESN93667.1	S_constricta|evm.model.ctg366.24
OG0000011	P_fucata_2	H_robusta|ESN93667.1	P_fucata|Pma_10023646
OG0000011	S_constricta_2	H_robusta|ESO04681.1	S_constricta|evm.model.ctg748.4, S_constricta|evm.model.ctg3437.4, S_constricta|evm.model.ctg748.3, S_constricta|evm.model.ctg2148.3, S_constricta|evm.model.ctg2148.4, S_constricta|evm.model.ctg1814.1, S_constricta|evm.model.ctg2243.4, S_constricta|evm.model.ctg3389.3, S_constricta|evm.model.ctg2037.2, S_constricta|evm.model.ctg4062.2.1, S_constricta|evm.model.ctg1280.10, S_constricta|evm.model.ctg1280.6, S_constricta|evm.model.ctg1280.8, S_constricta|evm.model.ctg1197.1, S_constricta|evm.model.ctg1204.8, S_constricta|evm.model.ctg1157.14, S_constricta|evm.model.ctg3160.1, S_constricta|evm.model.ctg3075.1, S_constricta|evm.model.ctg2608.3.1, S_constricta|evm.model.ctg8738.1, S_constricta|evm.model.ctg1189.6, S_constricta|evm.model.ctg2960.1, S_constricta|evm.model.ctg1189.4, S_constricta|evm.model.ctg1950.1, S_constricta|evm.model.ctg2747.1, S_constricta|evm.model.ctg2716.3, S_constricta|evm.model.ctg1905.6, S_constricta|evm.model.ctg3105.3, S_constricta|evm.model.ctg2900.1, S_constricta|evm.model.ctg9031.1, S_constricta|evm.model.ctg1163.3, S_constricta|evm.model.ctg1163.2, S_constricta|evm.model.ctg5056.3, S_constricta|evm.model.ctg1905.4, S_constricta|evm.model.ctg2900.2, S_constricta|evm.model.ctg2935.2, S_constricta|evm.model.ctg1414.8.1, S_constricta|evm.model.ctg1163.4, S_constricta|evm.model.ctg2250.2, S_constricta|evm.model.ctg1728.1.5, S_constricta|evm.model.ctg1031.2, S_constricta|evm.model.ctg1031.5, S_constricta|evm.model.ctg1031.1, S_constricta|evm.model.ctg3583.1, S_constricta|evm.model.ctg1163.1, S_constricta|evm.model.ctg3583.2, S_constricta|evm.model.ctg1905.5, S_constricta|evm.model.ctg3234.1, S_constricta|evm.model.ctg1173.5, S_constricta|evm.model.ctg1892.2, S_constricta|evm.model.ctg1801.2, S_constricta|evm.model.ctg1611.2, S_constricta|evm.model.ctg2170.1, S_constricta|evm.model.ctg5056.2, S_constricta|evm.model.ctg3433.3, S_constricta|evm.model.ctg1905.2, S_constricta|evm.model.ctg4448.1_evm.model.ctg4448.2, S_constricta|evm.model.ctg1905.3, S_constricta|evm.model.ctg2506.2.1, S_constricta|evm.model.ctg5056.1, S_constricta|evm.model.ctg2935.4, S_constricta|evm.model.ctg3898.1, S_constricta|evm.model.ctg2170.3, S_constricta|evm.model.ctg1414.7, S_constricta|evm.model.ctg3433.1, S_constricta|evm.model.ctg3898.2, S_constricta|evm.model.ctg3433.2, S_constricta|evm.model.ctg2935.1, S_constricta|evm.model.ctg2170.2, S_constricta|evm.model.ctg1173.9, S_constricta|evm.model.ctg2716.1, S_constricta|evm.model.ctg1173.10, S_constricta|evm.model.ctg1173.2, S_constricta|evm.model.ctg1173.1, S_constricta|evm.model.ctg1173.7, S_constricta|evm.model.ctg2947.1, S_constricta|evm.model.ctg1525.1, S_constricta|evm.model.ctg1611.4, S_constricta|evm.model.ctg1892.1, S_constricta|evm.model.ctg1611.6, S_constricta|evm.model.ctg1611.3, S_constricta|evm.model.ctg1173.6, S_constricta|evm.model.ctg1611.1, S_constricta|evm.model.ctg1189.1, S_constricta|evm.model.ctg2250.1, S_constricta|evm.model.ctg3234.3, S_constricta|evm.model.ctg3234.4, S_constricta|evm.model.ctg1611.5, S_constricta|evm.model.ctg1173.8, S_constricta|evm.model.ctg2947.2
OG0000011	P_fucata_2	H_robusta|ESO04681.1	P_fucata|Pma_10011539
OG0000011	L_gigantea_2	H_robusta|ESO04681.1	L_gigantea|XP_009044047.1
OG0000011	B_glabrata_2	H_robusta|ESO04681.1	B_glabrata|XP_013092586.1
OG0000015	O_bimaculoides_2	H_robusta|ESN91326.1	O_bimaculoides|XP_014774750.1
OG0000015	A_granulata_2	H_robusta|ESN91326.1	A_granulata|model.g11415.t1_1
OG0000015	B_glabrata_2	H_robusta|ESN91326.1	B_glabrata|XP_013076970.1
OG0000015	L_gigantea_2	H_robusta|ESN91326.1	L_gigantea|XP_009047434.1
OG0000015	A_granulata_2	H_robusta|ESN99536.1	A_granulata|evm.model.Super-Scaffold_100057.39_1, A_granulata|model.g20494.t1_1
OG0000015	S_constricta_2	H_robusta|ESN99536.1	S_constricta|evm.model.ctg6408.1, S_constricta|evm.model.ctg109.15
OG0000015	P_fucata_2	H_robusta|ESN99536.1	P_fucata|Pma_10020663
OG0000015	L_gigantea_2	H_robusta|ESN99536.1	L_gigantea|XP_009049765.1
OG0000015	S_constricta_2	H_robusta|ESO05631.1	S_constricta|evm.model.ctg413.13
OG0000015	C_virginica_2	H_robusta|ESO05631.1	C_virginica|XP_022325142.1
OG0000015	P_fucata_2	H_robusta|ESO05631.1	P_fucata|Pma_10001006
OG0000015	B_glabrata_2	H_robusta|ESO05631.1	B_glabrata|XP_013076722.1, B_glabrata|XP_013090484.1
OG0000015	C_virginica_2	H_robusta|ESO03499.1, H_robusta|ESN92664.1, H_robusta|ESN96466.1, H_robusta|ESN97514.1, H_robusta|ESN97593.1, H_robusta|ESO01045.1, H_robusta|ESO10761.1, H_robusta|ESO10737.1, H_robusta|ESN98277.1, H_robusta|ESN96591.1, H_robusta|ESN96597.1, H_robusta|ESO03493.1, H_robusta|ESO03102.1, H_robusta|ESO03105.1, H_robusta|ESO07891.1, H_robusta|ESO07910.1, H_robusta|ESO03444.1, H_robusta|ESN95337.1, H_robusta|ESO03104.1, H_robusta|ESN94607.1, H_robusta|ESN94604.1, H_robusta|ESN94435.1, H_robusta|ESN94436.1, H_robusta|ESN94603.1, H_robusta|ESN98372.1, H_robusta|ESO03249.1, H_robusta|ESO03248.1, H_robusta|ESN98371.1, H_robusta|ESN98370.1, H_robusta|ESO03247.1, H_robusta|ESO00996.1, H_robusta|ESN95338.1, H_robusta|ESN91147.1, H_robusta|ESN97570.1, H_robusta|ESO09452.1, H_robusta|ESO09989.1, H_robusta|ESO09990.1, H_robusta|ESN98909.1, H_robusta|ESN98910.1, H_robusta|ESN96969.1, H_robusta|ESN99957.1, H_robusta|ESO01034.1, H_robusta|ESN96703.1	C_virginica|XP_022313105.1
OG0000015	O_bimaculoides_2	H_robusta|ESN90293.1	O_bimaculoides|XP_014789051.1
OG0000015	L_gigantea_2	H_robusta|ESN90293.1	L_gigantea|XP_009052518.1
OG0000015	A_granulata_2	H_robusta|ESN90293.1	A_granulata|evm.model.Super-Scaffold_100002.249_1
OG0000015	C_virginica_2	H_robusta|ESN90293.1	C_virginica|XP_022341159.1
OG0000015	S_constricta_2	H_robusta|ESN90293.1	S_constricta|evm.model.ctg528.30
OG0000015	B_glabrata_2	H_robusta|ESN90293.1	B_glabrata|XP_013077189.1
OG0000016	A_granulata_2	H_robusta|ESO12711.1, H_robusta|ESO12860.1	A_granulata|evm.model.Super-Scaffold_100003.698_1, A_granulata|evm.model.Super-Scaffold_100019.314_1, A_granulata|model.g20194.t1_1, A_granulata|evm.model.Super-Scaffold_100016.112_1, A_granulata|model.g19855.t1_1, A_granulata|evm.model.Super-Scaffold_505.1528_1, A_granulata|model.g26165.t1_1, A_granulata|evm.model.Super-Scaffold_100005.476_1, A_granulata|evm.model.Super-Scaffold_100037.2_1, A_granulata|model.g8906.t1_1
OG0000016	O_bimaculoides_2	H_robusta|ESO12711.1, H_robusta|ESO12860.1	O_bimaculoides|XP_014774772.1
OG0000016	S_constricta_2	H_robusta|ESO12711.1, H_robusta|ESO12860.1	S_constricta|evm.model.ctg599.25, S_constricta|evm.model.ctg769.1, S_constricta|evm.model.ctg942.2, S_constricta|evm.model.ctg658.15, S_constricta|evm.model.ctg658.14, S_constricta|evm.model.ctg496.5, S_constricta|evm.model.ctg6.81, S_constricta|evm.model.ctg174.7
OG0000016	L_gigantea_2	H_robusta|ESO12711.1, H_robusta|ESO12860.1	L_gigantea|XP_009066031.1
OG0000016	P_fucata_2	H_robusta|ESO12711.1, H_robusta|ESO12860.1	P_fucata|Pma_10013077, P_fucata|Pma_10013078, P_fucata|Pma_10021023, P_fucata|Pma_10013072, P_fucata|Pma_10017238, P_fucata|Pma_10013074, P_fucata|Pma_2.319, P_fucata|Pma_10002971, P_fucata|Pma_10026311, P_fucata|Pma_10019994, P_fucata|Pma_10020228, P_fucata|Pma_10026308, P_fucata|Pma_10017082, P_fucata|Pma_10010486, P_fucata|Pma_10005410, P_fucata|Pma_10026304, P_fucata|Pma_10026305, P_fucata|Pma_10026309, P_fucata|Pma_10002972, P_fucata|Pma_10027671
OG0000016	B_glabrata_2	H_robusta|ESO12711.1, H_robusta|ESO12860.1	B_glabrata|XP_013068640.1, B_glabrata|XP_013068639.1, B_glabrata|XP_013090968.1, B_glabrata|XP_013089408.1, B_glabrata|XP_013090966.1, B_glabrata|XP_013093196.1, B_glabrata|XP_013094005.1, B_glabrata|XP_013080962.1, B_glabrata|XP_013062374.1, B_glabrata|XP_013080662.1, B_glabrata|XP_013093671.1, B_glabrata|XP_013078245.1, B_glabrata|XP_013086582.1, B_glabrata|XP_013086580.1, B_glabrata|XP_013091907.1, B_glabrata|XP_013092990.1, B_glabrata|XP_013096412.1
OG0000016	C_virginica_2	H_robusta|ESO12711.1, H_robusta|ESO12860.1	C_virginica|XP_022308580.1, C_virginica|XP_022294752.1, C_virginica|XP_022293525.1, C_virginica|XP_022332689.1, C_virginica|XP_022334600.1
OG0000017	C_virginica_2	H_robusta|ESO10253.1	C_virginica|XP_022344548.1, C_virginica|XP_022344551.1, C_virginica|XP_022343020.1
OG0000017	P_fucata_2	H_robusta|ESO10253.1	P_fucata|Pma_10029257, P_fucata|Pma_10029259, P_fucata|Pma_10024934
OG0000017	B_glabrata_2	H_robusta|ESO10253.1	B_glabrata|XP_013083785.1
OG0000017	L_gigantea_2	H_robusta|ESO10253.1	L_gigantea|XP_009054246.1
OG0000017	O_bimaculoides_2	H_robusta|ESO10253.1	O_bimaculoides|XP_014773512.1, O_bimaculoides|XP_014783213.1, O_bimaculoides|XP_014788111.1, O_bimaculoides|XP_014790640.1, O_bimaculoides|XP_014790641.1, O_bimaculoides|XP_014787378.1, O_bimaculoides|XP_014790639.1, O_bimaculoides|XP_014768533.1
OG0000017	A_granulata_2	H_robusta|ESO10253.1	A_granulata|model.g4966.t1_1, A_granulata|model.g706.t1_1, A_granulata|model.g4965.t1_1, A_granulata|evm.model.Super-Scaffold_100003.1034_1
OG0000019	O_bimaculoides_2	H_robusta|ESO05380.1	O_bimaculoides|XP_014773657.1
OG0000019	L_gigantea_2	H_robusta|ESO05380.1	L_gigantea|XP_009050388.1
OG0000019	B_glabrata_2	H_robusta|ESO05380.1	B_glabrata|XP_013085161.1
OG0000019	C_virginica_2	H_robusta|ESO05380.1	C_virginica|XP_022338983.1
OG0000019	S_constricta_2	H_robusta|ESO05380.1	S_constricta|evm.model.ctg23.32
OG0000019	L_gigantea_2	H_robusta|ESO09462.1	L_gigantea|XP_009062371.1, L_gigantea|XP_009054782.1, L_gigantea|XP_009053791.1, L_gigantea|XP_009057899.1, L_gigantea|XP_009044088.1, L_gigantea|XP_009063508.1, L_gigantea|XP_009056958.1, L_gigantea|XP_009047890.1
OG0000019	B_glabrata_2	H_robusta|ESO09462.1	B_glabrata|XP_013072245.1, B_glabrata|XP_013063444.1
OG0000019	A_granulata_2	H_robusta|ESO09462.1	A_granulata|model.g14035.t1_1, A_granulata|model.g11695.t1_1, A_granulata|model.g7451.t1_1, A_granulata|model.g11738.t1.5.5d3b86a4_1, A_granulata|model.g8205.t1_1
OG0000019	S_constricta_2	H_robusta|ESO09462.1	S_constricta|evm.model.ctg859.12, S_constricta|evm.model.ctg139.17, S_constricta|evm.model.ctg117.11, S_constricta|evm.model.ctg510.19, S_constricta|evm.model.ctg274.25, S_constricta|evm.model.ctg84.12, S_constricta|evm.model.ctg131.23, S_constricta|evm.model.ctg131.22
OG0000019	C_virginica_2	H_robusta|ESO09462.1	C_virginica|XP_022337519.1, C_virginica|XP_022313091.1, C_virginica|XP_022313389.1, C_virginica|XP_022318187.1, C_virginica|XP_022312847.1, C_virginica|XP_022312947.1, C_virginica|XP_022302633.1, C_virginica|XP_022313153.1
OG0000019	P_fucata_2	H_robusta|ESO09462.1	P_fucata|Pma_10025141, P_fucata|Pma_10004783, P_fucata|Pma_10004784, P_fucata|Pma_10004192, P_fucata|Pma_10020247, P_fucata|Pma_10023026, P_fucata|Pma_10013841, P_fucata|Pma_10003080
OG0000019	O_bimaculoides_2	H_robusta|ESO09462.1	O_bimaculoides|XP_014772300.1, O_bimaculoides|XP_014780698.1
OG0000023	C_virginica_2	H_robusta|ESO00598.1	C_virginica|XP_022322019.1
OG0000023	B_glabrata_2	H_robusta|ESO00598.1	B_glabrata|XP_013069100.1
OG0000023	L_gigantea_2	H_robusta|ESO00598.1	L_gigantea|XP_009044903.1
OG0000023	A_granulata_2	H_robusta|ESO00598.1	A_granulata|evm.model.Super-Scaffold_100002.117_1
OG0000023	O_bimaculoides_2	H_robusta|ESO00598.1	O_bimaculoides|XP_014787445.1
OG0000023	P_fucata_2	H_robusta|ESO00598.1	P_fucata|Pma_10014854
OG0000023	S_constricta_2	H_robusta|ESO00598.1	S_constricta|evm.model.ctg238.53
OG0000024	O_bimaculoides_2	H_robusta|ESN91305.1	O_bimaculoides|XP_014778891.1
OG0000024	S_constricta_2	H_robusta|ESN91305.1	S_constricta|evm.model.ctg14.39
OG0000024	L_gigantea_2	H_robusta|ESN91305.1	L_gigantea|XP_009056746.1
OG0000024	C_virginica_2	H_robusta|ESN91305.1	C_virginica|XP_022319000.1
OG0000024	A_granulata_2	H_robusta|ESN91305.1	A_granulata|evm.model.Super-Scaffold_100005.884_1
OG0000024	P_fucata_2	H_robusta|ESN91305.1	P_fucata|Pma_10012487
OG0000024	B_glabrata_2	H_robusta|ESN91305.1	B_glabrata|XP_013079153.1
OG0000025	B_glabrata_2	H_robusta|ESN91955.1	B_glabrata|XP_013070418.1
OG0000025	L_gigantea_2	H_robusta|ESN91955.1	L_gigantea|XP_009048639.1
OG0000025	A_granulata_2	H_robusta|ESN91955.1	A_granulata|evm.model.Super-Scaffold_100008.679_1
OG0000025	O_bimaculoides_2	H_robusta|ESN91955.1	O_bimaculoides|XP_014789699.1
OG0000025	C_virginica_2	H_robusta|ESN91955.1	C_virginica|XP_022316668.1
OG0000025	P_fucata_2	H_robusta|ESN91955.1	P_fucata|Pma_10016699
OG0000025	S_constricta_2	H_robusta|ESN91955.1	S_constricta|evm.model.ctg97.43
OG0000026	S_constricta_2	H_robusta|ESN95294.1	S_constricta|evm.model.ctg1004.16
OG0000026	O_bimaculoides_2	H_robusta|ESN95294.1	O_bimaculoides|XP_014789426.1
OG0000026	C_virginica_2	H_robusta|ESN95294.1	C_virginica|XP_022344839.1
OG0000026	P_fucata_2	H_robusta|ESN95294.1	P_fucata|Pma_10004014
OG0000026	A_granulata_2	H_robusta|ESN95294.1	A_granulata|evm.model.Super-Scaffold_100010.607_1
OG0000026	L_gigantea_2	H_robusta|ESN95294.1	L_gigantea|XP_009051788.1
OG0000026	B_glabrata_2	H_robusta|ESN95294.1	B_glabrata|XP_013085147.1
OG0000027	A_granulata_2	H_robusta|ESO08179.1	A_granulata|evm.model.Super-Scaffold_100013.373_1
OG0000027	L_gigantea_2	H_robusta|ESO08179.1	L_gigantea|XP_009058327.1
OG0000027	C_virginica_2	H_robusta|ESO08179.1	C_virginica|XP_022341852.1
OG0000027	P_fucata_2	H_robusta|ESO08179.1	P_fucata|Pma_10008115
OG0000027	B_glabrata_2	H_robusta|ESO08179.1	B_glabrata|XP_013079423.1
OG0000027	S_constricta_2	H_robusta|ESO08179.1	S_constricta|evm.model.ctg660.7
OG0000027	O_bimaculoides_2	H_robusta|ESO08179.1	O_bimaculoides|XP_014788131.1
OG0000028	B_glabrata_2	H_robusta|ESO08129.1	B_glabrata|XP_013064541.1
OG0000028	O_bimaculoides_2	H_robusta|ESO08129.1	O_bimaculoides|XP_014790475.1
OG0000028	A_granulata_2	H_robusta|ESO08129.1	A_granulata|evm.model.Super-Scaffold_100025.188_1
OG0000028	L_gigantea_2	H_robusta|ESO08129.1	L_gigantea|XP_009050366.1
OG0000028	S_constricta_2	H_robusta|ESO08129.1	S_constricta|evm.model.ctg930.2
OG0000028	C_virginica_2	H_robusta|ESO08129.1	C_virginica|XP_022321873.1
OG0000028	P_fucata_2	H_robusta|ESO08129.1	P_fucata|Pma_10025415
OG0000029	L_gigantea_2	H_robusta|ESO13052.1	L_gigantea|XP_009051479.1
OG0000029	C_virginica_2	H_robusta|ESO13052.1	C_virginica|XP_022344457.1
OG0000029	P_fucata_2	H_robusta|ESO13052.1	P_fucata|Pma_10031590
OG0000029	O_bimaculoides_2	H_robusta|ESO13052.1	O_bimaculoides|XP_014772627.1
OG0000029	B_glabrata_2	H_robusta|ESO13052.1	B_glabrata|XP_013084231.1
OG0000029	S_constricta_2	H_robusta|ESO13052.1	S_constricta|evm.model.ctg492.4
OG0000029	A_granulata_2	H_robusta|ESO13052.1	A_granulata|model.g2134.t1_1
OG0000030	A_granulata_2	H_robusta|ESO09280.1	A_granulata|model.g1298.t1_1
OG0000030	O_bimaculoides_2	H_robusta|ESO09280.1	O_bimaculoides|XP_014784674.1
OG0000030	L_gigantea_2	H_robusta|ESO09280.1	L_gigantea|XP_009051490.1
OG0000030	S_constricta_2	H_robusta|ESO09280.1	S_constricta|evm.model.ctg40.49
OG0000030	C_virginica_2	H_robusta|ESO09280.1	C_virginica|XP_022308357.1
OG0000030	P_fucata_2	H_robusta|ESO09280.1	P_fucata|Pma_10019276
OG0000030	B_glabrata_2	H_robusta|ESO09280.1	B_glabrata|XP_013088149.1
OG0000031	B_glabrata_2	H_robusta|ESO09736.1	B_glabrata|XP_013061816.1
OG0000031	O_bimaculoides_2	H_robusta|ESO09736.1	O_bimaculoides|XP_014787618.1
OG0000031	S_constricta_2	H_robusta|ESO09736.1	S_constricta|evm.model.ctg142.10
OG0000031	C_virginica_2	H_robusta|ESO09736.1	C_virginica|XP_022328400.1
OG0000031	P_fucata_2	H_robusta|ESO09736.1	P_fucata|Pma_10004601
OG0000031	L_gigantea_2	H_robusta|ESO09736.1	L_gigantea|XP_009055442.1
OG0000031	A_granulata_2	H_robusta|ESO09736.1	A_granulata|model.g100.t1_1
OG0000032	A_granulata_2	H_robusta|ESO02199.1	A_granulata|model.g501.t1_1
OG0000032	C_virginica_2	H_robusta|ESO02199.1	C_virginica|XP_022338696.1
OG0000032	P_fucata_2	H_robusta|ESO02199.1	P_fucata|Pma_10001679
OG0000032	O_bimaculoides_2	H_robusta|ESO02199.1	O_bimaculoides|XP_014773878.1
OG0000032	B_glabrata_2	H_robusta|ESO02199.1	B_glabrata|XP_013081362.1
OG0000032	L_gigantea_2	H_robusta|ESO02199.1	L_gigantea|XP_009048498.1
OG0000032	S_constricta_2	H_robusta|ESO02199.1	S_constricta|evm.model.ctg145.40
OG0000033	A_granulata_2	H_robusta|ESN90052.1	A_granulata|model.g1883.t1_1
OG0000033	O_bimaculoides_2	H_robusta|ESN90052.1	O_bimaculoides|XP_014769418.1
OG0000033	S_constricta_2	H_robusta|ESN90052.1	S_constricta|evm.model.ctg647.9
OG0000033	C_virginica_2	H_robusta|ESN90052.1	C_virginica|XP_022343803.1
OG0000033	P_fucata_2	H_robusta|ESN90052.1	P_fucata|Pma_10026789
OG0000033	B_glabrata_2	H_robusta|ESN90052.1	B_glabrata|XP_013091381.1
OG0000033	L_gigantea_2	H_robusta|ESN90052.1	L_gigantea|XP_009056300.1
OG0000034	B_glabrata_2	H_robusta|ESN90476.1	B_glabrata|XP_013078957.1
OG0000034	S_constricta_2	H_robusta|ESN90476.1	S_constricta|evm.model.ctg613.8
OG0000034	C_virginica_2	H_robusta|ESN90476.1	C_virginica|XP_022343845.1
OG0000034	P_fucata_2	H_robusta|ESN90476.1	P_fucata|Pma_10032131
OG0000034	A_granulata_2	H_robusta|ESN90476.1	A_granulata|model.g1662.t1_1
OG0000034	O_bimaculoides_2	H_robusta|ESN90476.1	O_bimaculoides|XP_014777276.1
OG0000034	L_gigantea_2	H_robusta|ESN90476.1	L_gigantea|XP_009054295.1
OG0000035	L_gigantea_2	H_robusta|ESO10634.1	L_gigantea|XP_009063552.1
OG0000035	O_bimaculoides_2	H_robusta|ESO10634.1	O_bimaculoides|XP_014772225.1
OG0000035	S_constricta_2	H_robusta|ESO10634.1	S_constricta|evm.model.ctg392.9
OG0000035	A_granulata_2	H_robusta|ESO10634.1	A_granulata|model.g3215.t1_1
OG0000035	B_glabrata_2	H_robusta|ESO10634.1	B_glabrata|XP_013075562.1
OG0000035	C_virginica_2	H_robusta|ESO10634.1	C_virginica|XP_022313863.1
OG0000035	P_fucata_2	H_robusta|ESO10634.1	P_fucata|Pma_10016128
OG0000036	A_granulata_2	H_robusta|ESO10298.1	A_granulata|model.g3997.t1_1
OG0000036	O_bimaculoides_2	H_robusta|ESO10298.1	O_bimaculoides|XP_014776166.1
OG0000036	S_constricta_2	H_robusta|ESO10298.1	S_constricta|evm.model.ctg96.20
OG0000036	C_virginica_2	H_robusta|ESO10298.1	C_virginica|XP_022314684.1
OG0000036	P_fucata_2	H_robusta|ESO10298.1	P_fucata|Pma_10028537
OG0000036	B_glabrata_2	H_robusta|ESO10298.1	B_glabrata|XP_013064900.1
OG0000036	L_gigantea_2	H_robusta|ESO10298.1	L_gigantea|XP_009048015.1
OG0000037	O_bimaculoides_2	H_robusta|ESN95204.1	O_bimaculoides|XP_014785114.1
OG0000037	S_constricta_2	H_robusta|ESN95204.1	S_constricta|evm.model.ctg533.29
OG0000037	C_virginica_2	H_robusta|ESN95204.1	C_virginica|XP_022316489.1
OG0000037	P_fucata_2	H_robusta|ESN95204.1	P_fucata|Pma_10007898
OG0000037	B_glabrata_2	H_robusta|ESN95204.1	B_glabrata|XP_013085046.1
OG0000037	L_gigantea_2	H_robusta|ESN95204.1	L_gigantea|XP_009045422.1
OG0000037	A_granulata_2	H_robusta|ESN95204.1	A_granulata|model.g4135.t1_1
OG0000038	A_granulata_2	H_robusta|ESO05119.1	A_granulata|model.g3909.t1_1
OG0000038	O_bimaculoides_2	H_robusta|ESO05119.1	O_bimaculoides|XP_014773522.1
OG0000038	S_constricta_2	H_robusta|ESO05119.1	S_constricta|evm.model.ctg1402.5
OG0000038	B_glabrata_2	H_robusta|ESO05119.1	B_glabrata|XP_013077767.1
OG0000038	L_gigantea_2	H_robusta|ESO05119.1	L_gigantea|XP_009067307.1
OG0000038	C_virginica_2	H_robusta|ESO05119.1	C_virginica|XP_022314870.1
OG0000038	P_fucata_2	H_robusta|ESO05119.1	P_fucata|Pma_225.222
OG0000039	B_glabrata_2	H_robusta|ESN96911.1	B_glabrata|XP_013086056.1
OG0000039	O_bimaculoides_2	H_robusta|ESN96911.1	O_bimaculoides|XP_014772348.1
OG0000039	C_virginica_2	H_robusta|ESN96911.1	C_virginica|XP_022309414.1
OG0000039	P_fucata_2	H_robusta|ESN96911.1	P_fucata|Pma_10017118
OG0000039	A_granulata_2	H_robusta|ESN96911.1	A_granulata|model.g5912.t1_1
OG0000039	L_gigantea_2	H_robusta|ESN96911.1	L_gigantea|XP_009046521.1
OG0000039	S_constricta_2	H_robusta|ESN96911.1	S_constricta|evm.model.ctg271.100
OG0000040	C_virginica_2	H_robusta|ESO01626.1	C_virginica|XP_022332522.1
OG0000040	P_fucata_2	H_robusta|ESO01626.1	P_fucata|Pma_10009782
OG0000040	O_bimaculoides_2	H_robusta|ESO01626.1	O_bimaculoides|XP_014788148.1
OG0000040	B_glabrata_2	H_robusta|ESO01626.1	B_glabrata|XP_013079984.1
OG0000040	S_constricta_2	H_robusta|ESO01626.1	S_constricta|evm.model.ctg76.36
OG0000040	L_gigantea_2	H_robusta|ESO01626.1	L_gigantea|XP_009047712.1
OG0000040	A_granulata_2	H_robusta|ESO01626.1	A_granulata|model.g6072.t1_1
OG0000041	A_granulata_2	H_robusta|ESO00575.1	A_granulata|model.g8800.t1_1
OG0000041	S_constricta_2	H_robusta|ESO00575.1	S_constricta|evm.model.ctg64.47
OG0000041	C_virginica_2	H_robusta|ESO00575.1	C_virginica|XP_022301526.1
OG0000041	P_fucata_2	H_robusta|ESO00575.1	P_fucata|Pma_10020132
OG0000041	B_glabrata_2	H_robusta|ESO00575.1	B_glabrata|XP_013075181.1
OG0000041	L_gigantea_2	H_robusta|ESO00575.1	L_gigantea|XP_009050006.1
OG0000041	O_bimaculoides_2	H_robusta|ESO00575.1	O_bimaculoides|XP_014773542.1
OG0000042	C_virginica_2	H_robusta|ESN96167.1	C_virginica|XP_022300046.1
OG0000042	B_glabrata_2	H_robusta|ESN96167.1	B_glabrata|XP_013068776.1
OG0000042	P_fucata_2	H_robusta|ESN96167.1	P_fucata|Pma_10002130
OG0000042	A_granulata_2	H_robusta|ESN96167.1	A_granulata|model.g8671.t1_1
OG0000042	O_bimaculoides_2	H_robusta|ESN96167.1	O_bimaculoides|XP_014775340.1
OG0000042	L_gigantea_2	H_robusta|ESN96167.1	L_gigantea|XP_009062528.1
OG0000042	S_constricta_2	H_robusta|ESN96167.1	S_constricta|evm.model.ctg154.29
OG0000043	A_granulata_2	H_robusta|ESO04933.1	A_granulata|model.g9992.t1_1
OG0000043	B_glabrata_2	H_robusta|ESO04933.1	B_glabrata|XP_013064636.1
OG0000043	L_gigantea_2	H_robusta|ESO04933.1	L_gigantea|XP_009045632.1
OG0000043	S_constricta_2	H_robusta|ESO04933.1	S_constricta|evm.model.ctg491.9
OG0000043	C_virginica_2	H_robusta|ESO04933.1	C_virginica|XP_022322855.1
OG0000043	P_fucata_2	H_robusta|ESO04933.1	P_fucata|Pma_10008006
OG0000043	O_bimaculoides_2	H_robusta|ESO04933.1	O_bimaculoides|XP_014783376.1
OG0000044	A_granulata_2	H_robusta|ESO00697.1	A_granulata|model.g9597.t1_1
OG0000044	O_bimaculoides_2	H_robusta|ESO00697.1	O_bimaculoides|XP_014767759.1
OG0000044	S_constricta_2	H_robusta|ESO00697.1	S_constricta|evm.model.ctg340.12
OG0000044	C_virginica_2	H_robusta|ESO00697.1	C_virginica|XP_022334366.1
OG0000044	P_fucata_2	H_robusta|ESO00697.1	P_fucata|Pma_10030088
OG0000044	B_glabrata_2	H_robusta|ESO00697.1	B_glabrata|XP_013096019.1
OG0000044	L_gigantea_2	H_robusta|ESO00697.1	L_gigantea|XP_009057767.1
OG0000045	S_constricta_2	H_robusta|ESN99635.1	S_constricta|evm.model.ctg968.2
OG0000045	C_virginica_2	H_robusta|ESN99635.1	C_virginica|XP_022317065.1
OG0000045	P_fucata_2	H_robusta|ESN99635.1	P_fucata|Pma_10002234
OG0000045	L_gigantea_2	H_robusta|ESN99635.1	L_gigantea|XP_009043858.1
OG0000045	A_granulata_2	H_robusta|ESN99635.1	A_granulata|model.g11944.t1_1
OG0000045	B_glabrata_2	H_robusta|ESN99635.1	B_glabrata|XP_013086308.1
OG0000045	O_bimaculoides_2	H_robusta|ESN99635.1	O_bimaculoides|XP_014774176.1
OG0000046	A_granulata_2	H_robusta|ESO10083.1	A_granulata|model.g13152.t1_1
OG0000046	B_glabrata_2	H_robusta|ESO10083.1	B_glabrata|XP_013066099.1
OG0000046	L_gigantea_2	H_robusta|ESO10083.1	L_gigantea|XP_009060904.1
OG0000046	O_bimaculoides_2	H_robusta|ESO10083.1	O_bimaculoides|XP_014772041.1
OG0000046	C_virginica_2	H_robusta|ESO10083.1	C_virginica|XP_022325540.1
OG0000046	P_fucata_2	H_robusta|ESO10083.1	P_fucata|Pma_10027324
OG0000046	S_constricta_2	H_robusta|ESO10083.1	S_constricta|evm.model.ctg667.12
OG0000047	A_granulata_2	H_robusta|ESN91550.1	A_granulata|model.g15250.t1_1
OG0000047	O_bimaculoides_2	H_robusta|ESN91550.1	O_bimaculoides|XP_014770126.1
OG0000047	L_gigantea_2	H_robusta|ESN91550.1	L_gigantea|XP_009059115.1
OG0000047	S_constricta_2	H_robusta|ESN91550.1	S_constricta|evm.model.ctg1.21
OG0000047	C_virginica_2	H_robusta|ESN91550.1	C_virginica|XP_022333984.1
OG0000047	P_fucata_2	H_robusta|ESN91550.1	P_fucata|Pma_10023216
OG0000047	B_glabrata_2	H_robusta|ESN91550.1	B_glabrata|XP_013082575.1
OG0000048	C_virginica_2	H_robusta|ESO13187.1	C_virginica|XP_022330767.1
OG0000048	P_fucata_2	H_robusta|ESO13187.1	P_fucata|Pma_10003678
OG0000048	L_gigantea_2	H_robusta|ESO13187.1	L_gigantea|XP_009064850.1
OG0000048	S_constricta_2	H_robusta|ESO13187.1	S_constricta|evm.model.ctg1.125_evm.model.ctg1.126
OG0000048	O_bimaculoides_2	H_robusta|ESO13187.1	O_bimaculoides|XP_014783673.1
OG0000048	A_granulata_2	H_robusta|ESO13187.1	A_granulata|model.g15596.t1_1
OG0000048	B_glabrata_2	H_robusta|ESO13187.1	B_glabrata|XP_013086900.1
OG0000049	A_granulata_2	H_robusta|ESN98754.1	A_granulata|model.g17957.t1_1
OG0000049	O_bimaculoides_2	H_robusta|ESN98754.1	O_bimaculoides|XP_014790578.1
OG0000049	B_glabrata_2	H_robusta|ESN98754.1	B_glabrata|XP_013067132.1
OG0000049	L_gigantea_2	H_robusta|ESN98754.1	L_gigantea|XP_009043632.1
OG0000049	S_constricta_2	H_robusta|ESN98754.1	S_constricta|evm.model.ctg388.17
OG0000049	C_virginica_2	H_robusta|ESN98754.1	C_virginica|XP_022333004.1
OG0000049	P_fucata_2	H_robusta|ESN98754.1	P_fucata|Pma_10020653
OG0000050	S_constricta_2	H_robusta|ESO00076.1	S_constricta|evm.model.ctg51.64
OG0000050	A_granulata_2	H_robusta|ESO00076.1	A_granulata|model.g30402.t1_1
OG0000050	P_fucata_2	H_robusta|ESO00076.1	P_fucata|Pma_10006139
OG0000050	C_virginica_2	H_robusta|ESO00076.1	C_virginica|XP_022340056.1
OG0000050	L_gigantea_2	H_robusta|ESO00076.1	L_gigantea|XP_009053420.1
OG0000050	B_glabrata_2	H_robusta|ESO00076.1	B_glabrata|XP_013095945.1
OG0000050	O_bimaculoides_2	H_robusta|ESO00076.1	O_bimaculoides|XP_014773139.1
OG0000051	A_granulata_2	H_robusta|ESN99728.1	A_granulata|model.g29359.t1_1
OG0000051	C_virginica_2	H_robusta|ESN99728.1	C_virginica|XP_022343998.1
OG0000051	P_fucata_2	H_robusta|ESN99728.1	P_fucata|Pma_10021729
OG0000051	S_constricta_2	H_robusta|ESN99728.1	S_constricta|evm.model.ctg185.15
OG0000051	L_gigantea_2	H_robusta|ESN99728.1	L_gigantea|XP_009050923.1
OG0000051	B_glabrata_2	H_robusta|ESN99728.1	B_glabrata|XP_013090147.1
OG0000051	O_bimaculoides_2	H_robusta|ESN99728.1	O_bimaculoides|XP_014776868.1
OG0000052	B_glabrata_2	H_robusta|ESN98670.1	B_glabrata|XP_013088196.1
OG0000052	A_granulata_2	H_robusta|ESN98670.1	A_granulata|model.g28777.t1_1
OG0000052	L_gigantea_2	H_robusta|ESN98670.1	L_gigantea|XP_009054282.1
OG0000052	C_virginica_2	H_robusta|ESN98670.1	C_virginica|XP_022345957.1
OG0000052	P_fucata_2	H_robusta|ESN98670.1	P_fucata|Pma_10014024
OG0000052	S_constricta_2	H_robusta|ESN98670.1	S_constricta|evm.model.ctg101.83
OG0000052	O_bimaculoides_2	H_robusta|ESN98670.1	O_bimaculoides|XP_014790391.1
OG0000053	L_gigantea_2	H_robusta|ESO03583.1	L_gigantea|XP_009066668.1
OG0000053	B_glabrata_2	H_robusta|ESO03583.1	B_glabrata|XP_013067251.1
OG0000053	A_granulata_2	H_robusta|ESO03583.1	A_granulata|model.g29911.t1_1
OG0000053	C_virginica_2	H_robusta|ESO03583.1	C_virginica|XP_022286161.1
OG0000053	P_fucata_2	H_robusta|ESO03583.1	P_fucata|Pma_10029871
OG0000053	S_constricta_2	H_robusta|ESO03583.1	S_constricta|evm.model.ctg1651.2
OG0000053	O_bimaculoides_2	H_robusta|ESO03583.1	O_bimaculoides|XP_014778145.1
OG0000054	C_virginica_2	H_robusta|ESO10888.1	C_virginica|XP_022343743.1
OG0000054	P_fucata_2	H_robusta|ESO10888.1	P_fucata|Pma_10029064
OG0000054	S_constricta_2	H_robusta|ESO10888.1	S_constricta|evm.model.ctg775.15
OG0000054	O_bimaculoides_2	H_robusta|ESO10888.1	O_bimaculoides|XP_014779552.1
OG0000054	L_gigantea_2	H_robusta|ESO10888.1	L_gigantea|XP_009044613.1
OG0000054	B_glabrata_2	H_robusta|ESO10888.1	B_glabrata|XP_013065711.1
OG0000054	A_granulata_2	H_robusta|ESO10888.1	A_granulata|model.g1284.t1.1.5d3b82d5_1
OG0000055	O_bimaculoides_2	H_robusta|ESN91162.1	O_bimaculoides|XP_014775648.1
OG0000055	A_granulata_2	H_robusta|ESN91162.1	A_granulata|model.g2097.t1_1
OG0000055	B_glabrata_2	H_robusta|ESN91162.1	B_glabrata|XP_013087945.1
OG0000055	L_gigantea_2	H_robusta|ESN91162.1	L_gigantea|XP_009066700.1
OG0000055	C_virginica_2	H_robusta|ESN91162.1	C_virginica|XP_022345421.1
OG0000055	P_fucata_2	H_robusta|ESN91162.1	P_fucata|Pma_10017450
OG0000055	S_constricta_2	H_robusta|ESN91162.1	S_constricta|evm.model.ctg1149.7
OG0000056	C_virginica_2	H_robusta|ESO08731.1	C_virginica|XP_022329200.1
OG0000056	P_fucata_2	H_robusta|ESO08731.1	P_fucata|Pma_10015971
OG0000056	O_bimaculoides_2	H_robusta|ESO08731.1	O_bimaculoides|XP_014783300.1
OG0000056	S_constricta_2	H_robusta|ESO08731.1	S_constricta|evm.model.ctg1239.1
OG0000056	B_glabrata_2	H_robusta|ESO08731.1	B_glabrata|XP_013082149.1
OG0000056	A_granulata_2	H_robusta|ESO08731.1	A_granulata|model.g89.t1.1.5d3b81fd_1
OG0000056	L_gigantea_2	H_robusta|ESO08731.1	L_gigantea|XP_009054866.1
OG0000057	B_glabrata_2	H_robusta|ESO06944.1	B_glabrata|XP_013065610.1
OG0000057	O_bimaculoides_2	H_robusta|ESO06944.1	O_bimaculoides|XP_014774168.1
OG0000057	L_gigantea_2	H_robusta|ESO06944.1	L_gigantea|XP_009047623.1
OG0000057	S_constricta_2	H_robusta|ESO06944.1	S_constricta|evm.model.ctg138.11
OG0000057	C_virginica_2	H_robusta|ESO06944.1	C_virginica|XP_022288607.1
OG0000057	P_fucata_2	H_robusta|ESO06944.1	P_fucata|Pma_10013840
OG0000057	A_granulata_2	H_robusta|ESO06944.1	A_granulata|model.g763.t1_model.g765.t1_1
OG0000058	B_glabrata_2	H_robusta|ESO09558.1	B_glabrata|XP_013076231.1
OG0000058	L_gigantea_2	H_robusta|ESO09558.1	L_gigantea|XP_009060107.1
OG0000058	A_granulata_2	H_robusta|ESO09558.1	A_granulata|model.g4291.t1_1
OG0000058	S_constricta_2	H_robusta|ESO09558.1	S_constricta|evm.model.ctg96.49
OG0000058	C_virginica_2	H_robusta|ESO09558.1	C_virginica|XP_022317557.1
OG0000058	P_fucata_2	H_robusta|ESO09558.1	P_fucata|Pma_10014039
OG0000058	O_bimaculoides_2	H_robusta|ESO09558.1	O_bimaculoides|XP_014785555.1
OG0000059	L_gigantea_2	H_robusta|ESN94151.1	L_gigantea|XP_009060271.1
OG0000059	A_granulata_2	H_robusta|ESN94151.1	A_granulata|model.g6491.t1.1.5d3b8503_1
OG0000059	O_bimaculoides_2	H_robusta|ESN94151.1	O_bimaculoides|XP_014789933.1
OG0000059	C_virginica_2	H_robusta|ESN94151.1	C_virginica|XP_022295132.1
OG0000059	P_fucata_2	H_robusta|ESN94151.1	P_fucata|Pma_10022791
OG0000059	S_constricta_2	H_robusta|ESN94151.1	S_constricta|evm.model.ctg639.2
OG0000059	B_glabrata_2	H_robusta|ESN94151.1	B_glabrata|XP_013083411.1
OG0000060	B_glabrata_2	H_robusta|ESN99626.1	B_glabrata|XP_013072764.1
OG0000060	L_gigantea_2	H_robusta|ESN99626.1	L_gigantea|XP_009056650.1
OG0000060	A_granulata_2	H_robusta|ESN99626.1	A_granulata|model.g7388.t1_1
OG0000060	S_constricta_2	H_robusta|ESN99626.1	S_constricta|evm.model.ctg74.29
OG0000060	C_virginica_2	H_robusta|ESN99626.1	C_virginica|XP_022316787.1
OG0000060	P_fucata_2	H_robusta|ESN99626.1	P_fucata|Pma_10022841
OG0000060	O_bimaculoides_2	H_robusta|ESN99626.1	O_bimaculoides|XP_014776694.1
OG0000061	A_granulata_2	H_robusta|ESO02346.1	A_granulata|model.g7604.t1.1.5d3b84b3_1
OG0000061	C_virginica_2	H_robusta|ESO02346.1	C_virginica|XP_022296668.1
OG0000061	P_fucata_2	H_robusta|ESO02346.1	P_fucata|Pma_10032223
OG0000061	B_glabrata_2	H_robusta|ESO02346.1	B_glabrata|XP_013096882.1
OG0000061	O_bimaculoides_2	H_robusta|ESO02346.1	O_bimaculoides|XP_014790210.1
OG0000061	L_gigantea_2	H_robusta|ESO02346.1	L_gigantea|XP_009053673.1
OG0000061	S_constricta_2	H_robusta|ESO02346.1	S_constricta|evm.model.ctg210.6
OG0000062	A_granulata_2	H_robusta|ESN92353.1	A_granulata|model.g8718.t1.1.5d3b85ae_1
OG0000062	O_bimaculoides_2	H_robusta|ESN92353.1	O_bimaculoides|XP_014772987.1
OG0000062	C_virginica_2	H_robusta|ESN92353.1	C_virginica|XP_022298945.1
OG0000062	P_fucata_2	H_robusta|ESN92353.1	P_fucata|Pma_10006927
OG0000062	L_gigantea_2	H_robusta|ESN92353.1	L_gigantea|XP_009059459.1
OG0000062	S_constricta_2	H_robusta|ESN92353.1	S_constricta|evm.model.ctg230.1
OG0000062	B_glabrata_2	H_robusta|ESN92353.1	B_glabrata|XP_013065247.1
OG0000063	A_granulata_2	H_robusta|ESN90952.1	A_granulata|model.g7299.t1_1
OG0000063	O_bimaculoides_2	H_robusta|ESN90952.1	O_bimaculoides|XP_014776218.1
OG0000063	B_glabrata_2	H_robusta|ESN90952.1	B_glabrata|XP_013084385.1
OG0000063	L_gigantea_2	H_robusta|ESN90952.1	L_gigantea|XP_009053421.1
OG0000063	C_virginica_2	H_robusta|ESN90952.1	C_virginica|XP_022313813.1
OG0000063	P_fucata_2	H_robusta|ESN90952.1	P_fucata|Pma_10026025
OG0000063	S_constricta_2	H_robusta|ESN90952.1	S_constricta|evm.model.ctg131.13
OG0000064	A_granulata_2	H_robusta|ESN94328.1	A_granulata|model.g13274.t1_1
OG0000064	L_gigantea_2	H_robusta|ESN94328.1	L_gigantea|XP_009051192.1
OG0000064	S_constricta_2	H_robusta|ESN94328.1	S_constricta|evm.model.ctg1020.4
OG0000064	P_fucata_2	H_robusta|ESN94328.1	P_fucata|Pma_10001281
OG0000064	B_glabrata_2	H_robusta|ESN94328.1	B_glabrata|XP_013061978.1
OG0000064	C_virginica_2	H_robusta|ESN94328.1	C_virginica|XP_022320821.1
OG0000064	O_bimaculoides_2	H_robusta|ESN94328.1	O_bimaculoides|XP_014783678.1
OG0000065	A_granulata_2	H_robusta|ESO10101.1	A_granulata|model.g17523.t1_1
OG0000065	O_bimaculoides_2	H_robusta|ESO10101.1	O_bimaculoides|XP_014772273.1
OG0000065	B_glabrata_2	H_robusta|ESO10101.1	B_glabrata|XP_013084680.1
OG0000065	L_gigantea_2	H_robusta|ESO10101.1	L_gigantea|XP_009050443.1
OG0000065	C_virginica_2	H_robusta|ESO10101.1	C_virginica|XP_022340992.1
OG0000065	P_fucata_2	H_robusta|ESO10101.1	P_fucata|Pma_10008428
OG0000065	S_constricta_2	H_robusta|ESO10101.1	S_constricta|evm.model.ctg502.6
OG0000066	B_glabrata_2	H_robusta|ESO01061.1	B_glabrata|XP_013080185.1
OG0000066	A_granulata_2	H_robusta|ESO01061.1	A_granulata|model.g17660.t1_1
OG0000066	O_bimaculoides_2	H_robusta|ESO01061.1	O_bimaculoides|XP_014778623.1
OG0000066	P_fucata_2	H_robusta|ESO01061.1	P_fucata|Pma_10031684
OG0000066	C_virginica_2	H_robusta|ESO01061.1	C_virginica|XP_022332899.1
OG0000066	S_constricta_2	H_robusta|ESO01061.1	S_constricta|evm.model.ctg442.45
OG0000066	L_gigantea_2	H_robusta|ESO01061.1	L_gigantea|XP_009046288.1
OG0000067	S_constricta_2	H_robusta|ESN96928.1	S_constricta|evm.model.ctg249.21
OG0000067	A_granulata_2	H_robusta|ESN96928.1	A_granulata|model.g20823.t1_1
OG0000067	B_glabrata_2	H_robusta|ESN96928.1	B_glabrata|XP_013070700.1
OG0000067	L_gigantea_2	H_robusta|ESN96928.1	L_gigantea|XP_009050729.1
OG0000067	C_virginica_2	H_robusta|ESN96928.1	C_virginica|XP_022321982.1
OG0000067	P_fucata_2	H_robusta|ESN96928.1	P_fucata|Pma_10022889
OG0000067	O_bimaculoides_2	H_robusta|ESN96928.1	O_bimaculoides|XP_014771836.1
OG0000068	O_bimaculoides_2	H_robusta|ESN99588.1	O_bimaculoides|XP_014789121.1
OG0000068	C_virginica_2	H_robusta|ESN99588.1	C_virginica|XP_022341053.1
OG0000068	P_fucata_2	H_robusta|ESN99588.1	P_fucata|Pma_10017451
OG0000068	S_constricta_2	H_robusta|ESN99588.1	S_constricta|evm.model.ctg1547.1
OG0000068	B_glabrata_2	H_robusta|ESN99588.1	B_glabrata|XP_013071542.1
OG0000068	L_gigantea_2	H_robusta|ESN99588.1	L_gigantea|XP_009064827.1
OG0000068	A_granulata_2	H_robusta|ESN99588.1	A_granulata|model.g29179.t1_1
OG0000069	S_constricta_2	H_robusta|ESO02510.1	S_constricta|evm.model.ctg381.13
OG0000069	B_glabrata_2	H_robusta|ESO02510.1	B_glabrata|XP_013063965.1
OG0000069	L_gigantea_2	H_robusta|ESO02510.1	L_gigantea|XP_009048448.1
OG0000069	A_granulata_2	H_robusta|ESO02510.1	A_granulata|model.g31682.t1_1
OG0000069	O_bimaculoides_2	H_robusta|ESO02510.1	O_bimaculoides|XP_014772840.1
OG0000069	C_virginica_2	H_robusta|ESO02510.1	C_virginica|XP_022322535.1
OG0000069	P_fucata_2	H_robusta|ESO02510.1	P_fucata|Pma_10015959
OG0000070	A_granulata_2	H_robusta|ESO13213.1	A_granulata|model.g32000.t1_1
OG0000070	O_bimaculoides_2	H_robusta|ESO13213.1	O_bimaculoides|XP_014789614.1
OG0000070	S_constricta_2	H_robusta|ESO13213.1	S_constricta|evm.model.ctg367.23
OG0000070	C_virginica_2	H_robusta|ESO13213.1	C_virginica|XP_022333852.1
OG0000070	P_fucata_2	H_robusta|ESO13213.1	P_fucata|Pma_10013995
OG0000070	L_gigantea_2	H_robusta|ESO13213.1	L_gigantea|XP_009063619.1
OG0000070	B_glabrata_2	H_robusta|ESO13213.1	B_glabrata|XP_013067166.1
OG0000072	B_glabrata_2	H_robusta|ESN92120.1	B_glabrata|XP_013073978.1
OG0000074	P_fucata_2	H_robusta|ESO02161.1	P_fucata|Pma_10027586
OG0000075	S_constricta_2	H_robusta|ESO08907.1	S_constricta|evm.model.ctg54.34
