Orthogroup	Species	L_gigantea_2	Orthologs
OG0000000	A_granulata_2	L_gigantea|XP_009044634.1, L_gigantea|XP_009065493.1, L_gigantea|XP_009045323.1	A_granulata|model.g24978.t1_1
OG0000000	C_virginica_2	L_gigantea|XP_009044634.1, L_gigantea|XP_009065493.1, L_gigantea|XP_009045323.1	C_virginica|XP_022320371.1
OG0000000	S_constricta_2	L_gigantea|XP_009065493.1	S_constricta|evm.model.ctg125.4
OG0000000	O_bimaculoides_2	L_gigantea|XP_009065493.1	O_bimaculoides|XP_014777119.1, O_bimaculoides|XP_014782583.1
OG0000000	B_glabrata_2	L_gigantea|XP_009065493.1	B_glabrata|XP_013093167.1, B_glabrata|XP_013066259.1
OG0000000	O_bimaculoides_2	L_gigantea|XP_009045323.1	O_bimaculoides|XP_014787392.1, O_bimaculoides|XP_014788767.1, O_bimaculoides|XP_014778851.1, O_bimaculoides|XP_014771000.1, O_bimaculoides|XP_014788766.1, O_bimaculoides|XP_014769801.1, O_bimaculoides|XP_014775061.1, O_bimaculoides|XP_014777876.1, O_bimaculoides|XP_014777878.1, O_bimaculoides|XP_014777873.1, O_bimaculoides|XP_014783006.1, O_bimaculoides|XP_014783007.1, O_bimaculoides|XP_014777880.1, O_bimaculoides|XP_014785424.1, O_bimaculoides|XP_014789954.1, O_bimaculoides|XP_014790351.1, O_bimaculoides|XP_014777875.1, O_bimaculoides|XP_014777872.1, O_bimaculoides|XP_014790859.1, O_bimaculoides|XP_014787196.1, O_bimaculoides|XP_014769713.1, O_bimaculoides|XP_014769313.1, O_bimaculoides|XP_014769791.1, O_bimaculoides|XP_014784259.1, O_bimaculoides|XP_014787344.1, O_bimaculoides|XP_014769699.1, O_bimaculoides|XP_014769719.1, O_bimaculoides|XP_014775427.1, O_bimaculoides|XP_014784290.1, O_bimaculoides|XP_014767658.1, O_bimaculoides|XP_014776277.1, O_bimaculoides|XP_014780995.1, O_bimaculoides|XP_014776271.1, O_bimaculoides|XP_014776272.1, O_bimaculoides|XP_014776276.1, O_bimaculoides|XP_014776273.1, O_bimaculoides|XP_014776278.1, O_bimaculoides|XP_014769127.1, O_bimaculoides|XP_014784179.1, O_bimaculoides|XP_014790673.1, O_bimaculoides|XP_014774826.1, O_bimaculoides|XP_014790676.1, O_bimaculoides|XP_014781180.1, O_bimaculoides|XP_014775429.1, O_bimaculoides|XP_014784292.1, O_bimaculoides|XP_014777871.1, O_bimaculoides|XP_014772601.1, O_bimaculoides|XP_014781172.1, O_bimaculoides|XP_014784939.1, O_bimaculoides|XP_014784079.1, O_bimaculoides|XP_014787517.1, O_bimaculoides|XP_014784044.1, O_bimaculoides|XP_014787654.1, O_bimaculoides|XP_014775413.1, O_bimaculoides|XP_014787207.1, O_bimaculoides|XP_014775301.1, O_bimaculoides|XP_014781177.1, O_bimaculoides|XP_014784295.1, O_bimaculoides|XP_014775062.1, O_bimaculoides|XP_014782517.1, O_bimaculoides|XP_014784859.1, O_bimaculoides|XP_014790818.1, O_bimaculoides|XP_014769707.1, O_bimaculoides|XP_014769706.1, O_bimaculoides|XP_014784798.1, O_bimaculoides|XP_014784779.1, O_bimaculoides|XP_014784631.1, O_bimaculoides|XP_014784735.1, O_bimaculoides|XP_014771284.1, O_bimaculoides|XP_014771285.1, O_bimaculoides|XP_014781185.1, O_bimaculoides|XP_014782536.1, O_bimaculoides|XP_014784643.1, O_bimaculoides|XP_014769698.1, O_bimaculoides|XP_014784867.1, O_bimaculoides|XP_014790857.1, O_bimaculoides|XP_014776402.1, O_bimaculoides|XP_014783005.1, O_bimaculoides|XP_014777874.1, O_bimaculoides|XP_014782605.1, O_bimaculoides|XP_014778210.1, O_bimaculoides|XP_014769125.1, O_bimaculoides|XP_014778209.1, O_bimaculoides|XP_014773424.1, O_bimaculoides|XP_014769712.1, O_bimaculoides|XP_014783882.1, O_bimaculoides|XP_014783883.1, O_bimaculoides|XP_014783880.1, O_bimaculoides|XP_014783896.1, O_bimaculoides|XP_014783901.1, O_bimaculoides|XP_014783020.1, O_bimaculoides|XP_014767519.1, O_bimaculoides|XP_014782913.1, O_bimaculoides|XP_014783009.1, O_bimaculoides|XP_014787198.1, O_bimaculoides|XP_014779315.1, O_bimaculoides|XP_014769786.1, O_bimaculoides|XP_014769798.1, O_bimaculoides|XP_014772736.1, O_bimaculoides|XP_014776279.1, O_bimaculoides|XP_014789947.1, O_bimaculoides|XP_014769799.1, O_bimaculoides|XP_014785854.1, O_bimaculoides|XP_014791207.1, O_bimaculoides|XP_014781812.1, O_bimaculoides|XP_014782538.1, O_bimaculoides|XP_014784289.1, O_bimaculoides|XP_014782056.1, O_bimaculoides|XP_014769720.1, O_bimaculoides|XP_014769696.1, O_bimaculoides|XP_014768189.1, O_bimaculoides|XP_014781808.1, O_bimaculoides|XP_014788029.1, O_bimaculoides|XP_014788034.1, O_bimaculoides|XP_014769714.1, O_bimaculoides|XP_014775063.1, O_bimaculoides|XP_014769794.1, O_bimaculoides|XP_014787163.1, O_bimaculoides|XP_014787399.1, O_bimaculoides|XP_014787390.1, O_bimaculoides|XP_014772592.1, O_bimaculoides|XP_014787398.1, O_bimaculoides|XP_014775419.1, O_bimaculoides|XP_014781173.1, O_bimaculoides|XP_014782048.1, O_bimaculoides|XP_014782540.1, O_bimaculoides|XP_014769124.1, O_bimaculoides|XP_014782607.1, O_bimaculoides|XP_014790840.1, O_bimaculoides|XP_014782312.1, O_bimaculoides|XP_014783584.1, O_bimaculoides|XP_014781806.1, O_bimaculoides|XP_014782917.1, O_bimaculoides|XP_014776267.1, O_bimaculoides|XP_014768941.1, O_bimaculoides|XP_014778211.1, O_bimaculoides|XP_014776137.1, O_bimaculoides|XP_014782514.1, O_bimaculoides|XP_014787659.1, O_bimaculoides|XP_014769711.1, O_bimaculoides|XP_014782912.1, O_bimaculoides|XP_014782539.1, O_bimaculoides|XP_014783888.1, O_bimaculoides|XP_014789744.1, O_bimaculoides|XP_014783885.1, O_bimaculoides|XP_014783886.1, O_bimaculoides|XP_014772722.1, O_bimaculoides|XP_014776407.1, O_bimaculoides|XP_014781193.1, O_bimaculoides|XP_014772598.1, O_bimaculoides|XP_014789992.1, O_bimaculoides|XP_014790004.1, O_bimaculoides|XP_014782311.1, O_bimaculoides|XP_014789584.1, O_bimaculoides|XP_014777354.1, O_bimaculoides|XP_014783378.1, O_bimaculoides|XP_014776274.1, O_bimaculoides|XP_014780996.1, O_bimaculoides|XP_014782665.1, O_bimaculoides|XP_014787112.1, O_bimaculoides|XP_014784249.1, O_bimaculoides|XP_014776266.1, O_bimaculoides|XP_014789951.1, O_bimaculoides|XP_014784000.1, O_bimaculoides|XP_014768971.1, O_bimaculoides|XP_014768963.1, O_bimaculoides|XP_014768968.1, O_bimaculoides|XP_014789586.1, O_bimaculoides|XP_014775066.1, O_bimaculoides|XP_014775070.1, O_bimaculoides|XP_014773915.1, O_bimaculoides|XP_014784940.1, O_bimaculoides|XP_014781807.1, O_bimaculoides|XP_014778108.1, O_bimaculoides|XP_014791211.1, O_bimaculoides|XP_014776401.1, O_bimaculoides|XP_014767660.1, O_bimaculoides|XP_014790675.1, O_bimaculoides|XP_014772749.1, O_bimaculoides|XP_014772742.1, O_bimaculoides|XP_014772735.1, O_bimaculoides|XP_014772725.1, O_bimaculoides|XP_014772750.1, O_bimaculoides|XP_014779345.1, O_bimaculoides|XP_014770951.1, O_bimaculoides|XP_014779346.1, O_bimaculoides|XP_014773561.1, O_bimaculoides|XP_014787652.1, O_bimaculoides|XP_014790263.1, O_bimaculoides|XP_014768942.1, O_bimaculoides|XP_014785719.1, O_bimaculoides|XP_014768958.1, O_bimaculoides|XP_014778878.1, O_bimaculoides|XP_014782903.1, O_bimaculoides|XP_014773808.1, O_bimaculoides|XP_014772733.1, O_bimaculoides|XP_014772726.1, O_bimaculoides|XP_014789416.1, O_bimaculoides|XP_014790423.1, O_bimaculoides|XP_014772737.1, O_bimaculoides|XP_014769285.1, O_bimaculoides|XP_014790054.1, O_bimaculoides|XP_014789411.1, O_bimaculoides|XP_014787287.1, O_bimaculoides|XP_014789417.1, O_bimaculoides|XP_014790106.1, O_bimaculoides|XP_014789624.1, O_bimaculoides|XP_014783526.1, O_bimaculoides|XP_014784589.1, O_bimaculoides|XP_014773290.1, O_bimaculoides|XP_014790103.1, O_bimaculoides|XP_014784588.1, O_bimaculoides|XP_014789625.1, O_bimaculoides|XP_014783525.1, O_bimaculoides|XP_014769315.1, O_bimaculoides|XP_014783527.1, O_bimaculoides|XP_014775067.1, O_bimaculoides|XP_014787290.1, O_bimaculoides|XP_014778890.1, O_bimaculoides|XP_014789415.1, O_bimaculoides|XP_014789991.1, O_bimaculoides|XP_014789413.1, O_bimaculoides|XP_014783523.1, O_bimaculoides|XP_014783528.1, O_bimaculoides|XP_014780227.1, O_bimaculoides|XP_014782520.1, O_bimaculoides|XP_014790002.1, O_bimaculoides|XP_014769303.1, O_bimaculoides|XP_014780707.1, O_bimaculoides|XP_014776409.1, O_bimaculoides|XP_014774829.1, O_bimaculoides|XP_014789995.1, O_bimaculoides|XP_014769282.1, O_bimaculoides|XP_014769284.1, O_bimaculoides|XP_014769283.1, O_bimaculoides|XP_014790052.1, O_bimaculoides|XP_014774681.1, O_bimaculoides|XP_014781839.1, O_bimaculoides|XP_014768174.1, O_bimaculoides|XP_014783586.1, O_bimaculoides|XP_014785720.1, O_bimaculoides|XP_014773423.1, O_bimaculoides|XP_014773947.1, O_bimaculoides|XP_014789279.1, O_bimaculoides|XP_014782315.1, O_bimaculoides|XP_014789957.1, O_bimaculoides|XP_014780703.1, O_bimaculoides|XP_014775064.1, O_bimaculoides|XP_014789278.1, O_bimaculoides|XP_014782606.1, O_bimaculoides|XP_014773809.1, O_bimaculoides|XP_014773421.1, O_bimaculoides|XP_014769796.1, O_bimaculoides|XP_014780702.1, O_bimaculoides|XP_014783017.1, O_bimaculoides|XP_014768965.1, O_bimaculoides|XP_014787653.1, O_bimaculoides|XP_014770952.1, O_bimaculoides|XP_014773416.1, O_bimaculoides|XP_014781689.1, O_bimaculoides|XP_014768456.1, O_bimaculoides|XP_014781686.1, O_bimaculoides|XP_014775415.1, O_bimaculoides|XP_014775412.1, O_bimaculoides|XP_014787157.1, O_bimaculoides|XP_014787161.1, O_bimaculoides|XP_014769471.1, O_bimaculoides|XP_014783205.1, O_bimaculoides|XP_014789499.1, O_bimaculoides|XP_014769489.1, O_bimaculoides|XP_014769469.1, O_bimaculoides|XP_014769490.1, O_bimaculoides|XP_014768457.1, O_bimaculoides|XP_014783208.1, O_bimaculoides|XP_014784100.1, O_bimaculoides|XP_014784127.1, O_bimaculoides|XP_014782268.1, O_bimaculoides|XP_014790836.1, O_bimaculoides|XP_014772715.1
OG0000000	S_constricta_2	L_gigantea|XP_009045323.1	S_constricta|evm.model.ctg227.23
OG0000003	H_robusta_2	L_gigantea|XP_009065411.1	H_robusta|ESO09370.1
OG0000003	H_robusta_2	L_gigantea|XP_009061655.1, L_gigantea|XP_009061656.1, L_gigantea|XP_009058591.1, L_gigantea|XP_009057653.1, L_gigantea|XP_009059572.1, L_gigantea|XP_009053437.1, L_gigantea|XP_009059573.1, L_gigantea|XP_009053435.1, L_gigantea|XP_009053436.1, L_gigantea|XP_009061854.1	H_robusta|ESO09122.1
OG0000003	A_granulata_2	L_gigantea|XP_009061655.1, L_gigantea|XP_009061656.1	A_granulata|model.g9167.t1_1
OG0000003	S_constricta_2	L_gigantea|XP_009058591.1, L_gigantea|XP_009057653.1	S_constricta|evm.model.ctg377.32_evm.model.ctg377.31, S_constricta|evm.model.ctg377.30, S_constricta|evm.model.ctg1004.8, S_constricta|evm.model.ctg2331.1, S_constricta|evm.model.ctg55.55, S_constricta|evm.model.ctg2331.2, S_constricta|evm.model.ctg2230.1, S_constricta|evm.model.ctg101.5, S_constricta|evm.model.ctg416.3
OG0000003	P_fucata_2	L_gigantea|XP_009058591.1, L_gigantea|XP_009057653.1	P_fucata|Pma_10012388, P_fucata|Pma_10024689, P_fucata|Pma_10024688
OG0000003	A_granulata_2	L_gigantea|XP_009058591.1, L_gigantea|XP_009057653.1	A_granulata|model.g24679.t1_1
OG0000003	A_granulata_2	L_gigantea|XP_009059572.1, L_gigantea|XP_009053437.1, L_gigantea|XP_009059573.1, L_gigantea|XP_009053435.1, L_gigantea|XP_009053436.1	A_granulata|model.g12389.t1.1.5d3b8706_1
OG0000003	S_constricta_2	L_gigantea|XP_009059572.1, L_gigantea|XP_009053437.1, L_gigantea|XP_009059573.1, L_gigantea|XP_009053435.1, L_gigantea|XP_009053436.1	S_constricta|evm.model.ctg642.12, S_constricta|evm.model.ctg401.21, S_constricta|evm.model.ctg859.5, S_constricta|evm.model.ctg1045.8
OG0000003	C_virginica_2	L_gigantea|XP_009059572.1, L_gigantea|XP_009053437.1, L_gigantea|XP_009059573.1, L_gigantea|XP_009053435.1, L_gigantea|XP_009053436.1	C_virginica|XP_022339391.1, C_virginica|XP_022330926.1, C_virginica|XP_022330927.1, C_virginica|XP_022330928.1
OG0000003	P_fucata_2	L_gigantea|XP_009059572.1, L_gigantea|XP_009053437.1, L_gigantea|XP_009059573.1, L_gigantea|XP_009053435.1, L_gigantea|XP_009053436.1	P_fucata|Pma_10.1359
OG0000003	A_granulata_2	L_gigantea|XP_009061854.1	A_granulata|model.g24762.t1_1
OG0000003	S_constricta_2	L_gigantea|XP_009061854.1	S_constricta|evm.model.ctg370.15, S_constricta|evm.model.ctg370.16.1, S_constricta|evm.model.ctg370.17.1, S_constricta|evm.model.ctg52.31, S_constricta|evm.model.ctg791.11, S_constricta|evm.model.ctg1599.1, S_constricta|evm.model.ctg791.12, S_constricta|evm.model.ctg3910.2, S_constricta|evm.model.ctg46.3, S_constricta|evm.model.ctg140.28, S_constricta|evm.model.ctg140.29, S_constricta|evm.model.ctg2046.12, S_constricta|evm.model.ctg5546.1, S_constricta|evm.model.ctg2046.11, S_constricta|evm.model.ctg2046.13, S_constricta|evm.model.ctg1840.1, S_constricta|evm.model.ctg140.26, S_constricta|evm.model.ctg2046.10, S_constricta|evm.model.ctg1771.1, S_constricta|evm.model.ctg1977.1, S_constricta|evm.model.ctg1708.1, S_constricta|evm.model.ctg1755.1, S_constricta|evm.model.ctg125.83, S_constricta|evm.model.ctg142.51.1, S_constricta|evm.model.ctg4263.1, S_constricta|evm.model.ctg1804.2
OG0000003	P_fucata_2	L_gigantea|XP_009061854.1	P_fucata|Pma_10026479, P_fucata|Pma_10018317
OG0000004	C_virginica_2	L_gigantea|XP_009061714.1, L_gigantea|XP_009061776.1, L_gigantea|XP_009061781.1	C_virginica|XP_022306864.1, C_virginica|XP_022307682.1, C_virginica|XP_022309512.1, C_virginica|XP_022309842.1, C_virginica|XP_022292876.1, C_virginica|XP_022308432.1, C_virginica|XP_022306863.1, C_virginica|XP_022307426.1, C_virginica|XP_022307677.1, C_virginica|XP_022307962.1, C_virginica|XP_022290581.1, C_virginica|XP_022307702.1, C_virginica|XP_022308442.1, C_virginica|XP_022307726.1, C_virginica|XP_022305270.1, C_virginica|XP_022307760.1, C_virginica|XP_022307060.1, C_virginica|XP_022308515.1, C_virginica|XP_022309687.1, C_virginica|XP_022309653.1, C_virginica|XP_022307062.1, C_virginica|XP_022307742.1, C_virginica|XP_022306155.1, C_virginica|XP_022303399.1, C_virginica|XP_022307722.1, C_virginica|XP_022307769.1, C_virginica|XP_022310311.1, C_virginica|XP_022306746.1, C_virginica|XP_022307761.1, C_virginica|XP_022307885.1, C_virginica|XP_022309673.1, C_virginica|XP_022307756.1, C_virginica|XP_022309374.1, C_virginica|XP_022308427.1, C_virginica|XP_022306748.1, C_virginica|XP_022309678.1, C_virginica|XP_022306229.1, C_virginica|XP_022288791.1, C_virginica|XP_022309677.1, C_virginica|XP_022307728.1, C_virginica|XP_022307729.1, C_virginica|XP_022286717.1, C_virginica|XP_022290620.1, C_virginica|XP_022286479.1, C_virginica|XP_022288574.1, C_virginica|XP_022287415.1, C_virginica|XP_022289418.1, C_virginica|XP_022289654.1, C_virginica|XP_022289715.1, C_virginica|XP_022289949.1, C_virginica|XP_022289447.1, C_virginica|XP_022289967.1, C_virginica|XP_022289938.1, C_virginica|XP_022290649.1, C_virginica|XP_022289727.1, C_virginica|XP_022297668.1, C_virginica|XP_022287464.1, C_virginica|XP_022290289.1, C_virginica|XP_022289935.1, C_virginica|XP_022289706.1, C_virginica|XP_022305518.1, C_virginica|XP_022306742.1, C_virginica|XP_022309654.1, C_virginica|XP_022309655.1, C_virginica|XP_022307732.1, C_virginica|XP_022294925.1, C_virginica|XP_022307839.1, C_virginica|XP_022307877.1
OG0000004	P_fucata_2	L_gigantea|XP_009061714.1, L_gigantea|XP_009061776.1, L_gigantea|XP_009061781.1	P_fucata|Pma_10021546
OG0000004	B_glabrata_2	L_gigantea|XP_009061714.1, L_gigantea|XP_009061776.1	B_glabrata|XP_013086610.1
OG0000004	B_glabrata_2	L_gigantea|XP_009061781.1	B_glabrata|XP_013089298.1, B_glabrata|XP_013062440.1, B_glabrata|XP_013093169.1
OG0000007	S_constricta_2	L_gigantea|XP_009046443.1, L_gigantea|XP_009046442.1	S_constricta|evm.model.ctg436.5
OG0000007	C_virginica_2	L_gigantea|XP_009046443.1, L_gigantea|XP_009046442.1	C_virginica|XP_022308431.1
OG0000007	P_fucata_2	L_gigantea|XP_009046443.1, L_gigantea|XP_009046442.1	P_fucata|Pma_10017847
OG0000007	A_granulata_2	L_gigantea|XP_009046443.1	A_granulata|model.g6273.t1_1
OG0000007	H_robusta_2	L_gigantea|XP_009046443.1	H_robusta|ESN93723.1
OG0000007	A_granulata_2	L_gigantea|XP_009046442.1	A_granulata|model.g6272.t1_1
OG0000007	H_robusta_2	L_gigantea|XP_009046440.1	H_robusta|ESO04500.1
OG0000007	S_constricta_2	L_gigantea|XP_009046440.1	S_constricta|evm.model.ctg412.18
OG0000007	C_virginica_2	L_gigantea|XP_009046440.1	C_virginica|XP_022307961.1
OG0000007	P_fucata_2	L_gigantea|XP_009046440.1	P_fucata|Pma_10010607, P_fucata|Pma_532.177
OG0000007	A_granulata_2	L_gigantea|XP_009046440.1	A_granulata|evm.model.Super-Scaffold_100004.707_1
OG0000007	B_glabrata_2	L_gigantea|XP_009046440.1	B_glabrata|XP_013075772.1
OG0000007	A_granulata_2	L_gigantea|XP_009052766.1	A_granulata|evm.model.Super-Scaffold_100004.333_1
OG0000007	H_robusta_2	L_gigantea|XP_009052766.1	H_robusta|ESO13175.1
OG0000007	O_bimaculoides_2	L_gigantea|XP_009052766.1	O_bimaculoides|XP_014776564.1
OG0000007	H_robusta_2	L_gigantea|XP_009055159.1, L_gigantea|XP_009055160.1	H_robusta|ESO09755.1
OG0000007	O_bimaculoides_2	L_gigantea|XP_009055159.1, L_gigantea|XP_009055160.1	O_bimaculoides|XP_014780359.1
OG0000007	C_virginica_2	L_gigantea|XP_009055159.1	C_virginica|XP_022319262.1
OG0000007	B_glabrata_2	L_gigantea|XP_009055160.1	B_glabrata|XP_013090876.1
OG0000007	H_robusta_2	L_gigantea|XP_009063633.1	H_robusta|ESO05584.1
OG0000007	S_constricta_2	L_gigantea|XP_009063633.1	S_constricta|evm.model.ctg2181.2
OG0000007	A_granulata_2	L_gigantea|XP_009063633.1	A_granulata|evm.model.Super-Scaffold_100004.301_1
OG0000007	C_virginica_2	L_gigantea|XP_009063633.1	C_virginica|XP_022286090.1
OG0000007	C_virginica_2	L_gigantea|XP_009046437.1	C_virginica|XP_022291943.1
OG0000007	S_constricta_2	L_gigantea|XP_009046437.1	S_constricta|evm.model.ctg412.15
OG0000007	H_robusta_2	L_gigantea|XP_009046437.1	H_robusta|ESN90265.1, H_robusta|ESO07168.1
OG0000007	A_granulata_2	L_gigantea|XP_009046437.1	A_granulata|model.g6264.t1_model.g6265.t1_1
OG0000007	O_bimaculoides_2	L_gigantea|XP_009046437.1	O_bimaculoides|XP_014789021.1
OG0000007	S_constricta_2	L_gigantea|XP_009046446.1	S_constricta|evm.model.ctg436.7
OG0000007	A_granulata_2	L_gigantea|XP_009046446.1	A_granulata|model.g6275.t1_1
OG0000007	P_fucata_2	L_gigantea|XP_009046446.1	P_fucata|Pma_10009355
OG0000007	B_glabrata_2	L_gigantea|XP_009046446.1	B_glabrata|XP_013073864.1
OG0000007	H_robusta_2	L_gigantea|XP_009065435.1	H_robusta|ESO01742.1
OG0000007	C_virginica_2	L_gigantea|XP_009065435.1	C_virginica|XP_022326937.1
OG0000007	P_fucata_2	L_gigantea|XP_009065435.1	P_fucata|Pma_10023863
OG0000007	S_constricta_2	L_gigantea|XP_009065435.1	S_constricta|evm.model.ctg306.3
OG0000007	A_granulata_2	L_gigantea|XP_009065435.1	A_granulata|model.g13936.t1_1
OG0000007	B_glabrata_2	L_gigantea|XP_009065435.1	B_glabrata|XP_013081957.1
OG0000007	O_bimaculoides_2	L_gigantea|XP_009065435.1	O_bimaculoides|XP_014780502.1
OG0000007	S_constricta_2	L_gigantea|XP_009046439.1	S_constricta|evm.model.ctg412.17
OG0000007	C_virginica_2	L_gigantea|XP_009046439.1	C_virginica|XP_022292027.1
OG0000007	P_fucata_2	L_gigantea|XP_009046439.1	P_fucata|Pma_10030419
OG0000007	C_virginica_2	L_gigantea|XP_009046438.1	C_virginica|XP_022289925.1
OG0000007	P_fucata_2	L_gigantea|XP_009046438.1	P_fucata|Pma_10006875, P_fucata|Pma_207.322
OG0000007	H_robusta_2	L_gigantea|XP_009065436.1	H_robusta|ESN95559.1
OG0000007	O_bimaculoides_2	L_gigantea|XP_009065436.1	O_bimaculoides|XP_014769873.1
OG0000007	B_glabrata_2	L_gigantea|XP_009065436.1	B_glabrata|XP_013082062.1
OG0000007	A_granulata_2	L_gigantea|XP_009065436.1	A_granulata|model.g13938.t1_1
OG0000007	C_virginica_2	L_gigantea|XP_009065436.1	C_virginica|XP_022328330.1
OG0000007	P_fucata_2	L_gigantea|XP_009065436.1	P_fucata|Pma_10023861, P_fucata|Pma_10007466, P_fucata|Pma_10016649
OG0000007	S_constricta_2	L_gigantea|XP_009065436.1	S_constricta|evm.model.ctg306.4
OG0000007	O_bimaculoides_2	L_gigantea|XP_009046479.1	O_bimaculoides|XP_014767862.1
OG0000007	C_virginica_2	L_gigantea|XP_009046479.1	C_virginica|XP_022324615.1
OG0000007	P_fucata_2	L_gigantea|XP_009046479.1	P_fucata|Pma_10016536
OG0000007	H_robusta_2	L_gigantea|XP_009046479.1	H_robusta|ESO01497.1
OG0000007	A_granulata_2	L_gigantea|XP_009046479.1	A_granulata|model.g5761.t1_1
OG0000007	B_glabrata_2	L_gigantea|XP_009046479.1	B_glabrata|XP_013063618.1
OG0000007	B_glabrata_2	L_gigantea|XP_009065931.1, L_gigantea|XP_009065930.1	B_glabrata|XP_013094229.1
OG0000007	C_virginica_2	L_gigantea|XP_009065931.1, L_gigantea|XP_009065930.1	C_virginica|XP_022320319.1, C_virginica|XP_022320653.1
OG0000007	P_fucata_2	L_gigantea|XP_009065931.1, L_gigantea|XP_009065930.1	P_fucata|Pma_10027249
OG0000007	S_constricta_2	L_gigantea|XP_009065931.1, L_gigantea|XP_009065930.1	S_constricta|evm.model.ctg562.15
OG0000007	H_robusta_2	L_gigantea|XP_009065931.1	H_robusta|ESN99512.1
OG0000007	A_granulata_2	L_gigantea|XP_009065930.1	A_granulata|evm.model.Super-Scaffold_100006.1323_1
OG0000007	H_robusta_2	L_gigantea|XP_009046441.1	H_robusta|ESN93724.1, H_robusta|ESO04948.1
OG0000007	A_granulata_2	L_gigantea|XP_009046441.1	A_granulata|model.g6270.t1.2.5d3b84cf_1
OG0000007	C_virginica_2	L_gigantea|XP_009046441.1	C_virginica|XP_022340779.1
OG0000007	P_fucata_2	L_gigantea|XP_009046441.1	P_fucata|Pma_10017849
OG0000007	H_robusta_2	L_gigantea|XP_009046445.1, L_gigantea|XP_009046444.1	H_robusta|ESO07165.1
OG0000007	B_glabrata_2	L_gigantea|XP_009046445.1	B_glabrata|XP_013086911.1, B_glabrata|XP_013093880.1
OG0000007	O_bimaculoides_2	L_gigantea|XP_009046445.1	O_bimaculoides|XP_014781016.1
OG0000007	S_constricta_2	L_gigantea|XP_009046445.1	S_constricta|evm.model.ctg436.1
OG0000007	C_virginica_2	L_gigantea|XP_009046445.1	C_virginica|XP_022309837.1
OG0000007	P_fucata_2	L_gigantea|XP_009046445.1	P_fucata|Pma_10008710
OG0000007	S_constricta_2	L_gigantea|XP_009046444.1	S_constricta|evm.model.ctg436.4
OG0000007	C_virginica_2	L_gigantea|XP_009046444.1	C_virginica|XP_022342129.1
OG0000007	A_granulata_2	L_gigantea|XP_009046444.1	A_granulata|model.g6274.t1_1
OG0000009	H_robusta_2	L_gigantea|XP_009058738.1	H_robusta|ESN91984.1
OG0000009	O_bimaculoides_2	L_gigantea|XP_009058738.1	O_bimaculoides|XP_014778038.1
OG0000009	H_robusta_2	L_gigantea|XP_009044518.1	H_robusta|ESO12556.1
OG0000009	C_virginica_2	L_gigantea|XP_009044518.1	C_virginica|XP_022335688.1
OG0000009	P_fucata_2	L_gigantea|XP_009044518.1	P_fucata|Pma_10032418
OG0000009	O_bimaculoides_2	L_gigantea|XP_009044518.1	O_bimaculoides|XP_014769217.1
OG0000009	A_granulata_2	L_gigantea|XP_009044518.1	A_granulata|evm.model.Super-Scaffold_100012.506_1
OG0000009	B_glabrata_2	L_gigantea|XP_009044518.1	B_glabrata|XP_013076273.1
OG0000009	A_granulata_2	L_gigantea|XP_009055766.1, L_gigantea|XP_009064105.1	A_granulata|evm.model.Super-Scaffold_100004.157_1
OG0000009	C_virginica_2	L_gigantea|XP_009055766.1, L_gigantea|XP_009064105.1	C_virginica|XP_022316864.1
OG0000009	P_fucata_2	L_gigantea|XP_009055766.1, L_gigantea|XP_009064105.1	P_fucata|Pma_10006517
OG0000009	S_constricta_2	L_gigantea|XP_009055766.1, L_gigantea|XP_009064105.1	S_constricta|evm.model.ctg76.11
OG0000009	P_fucata_2	L_gigantea|XP_009051792.1	P_fucata|Pma_10025848, P_fucata|Pma_10012721
OG0000009	S_constricta_2	L_gigantea|XP_009051792.1	S_constricta|evm.model.ctg67.88
OG0000009	O_bimaculoides_2	L_gigantea|XP_009051792.1	O_bimaculoides|XP_014782742.1
OG0000009	B_glabrata_2	L_gigantea|XP_009051792.1	B_glabrata|XP_013074409.1
OG0000009	H_robusta_2	L_gigantea|XP_009046723.1, L_gigantea|XP_009058115.1, L_gigantea|XP_009059556.1	H_robusta|ESN95234.1
OG0000009	P_fucata_2	L_gigantea|XP_009046723.1, L_gigantea|XP_009058115.1	P_fucata|Pma_10011588
OG0000009	C_virginica_2	L_gigantea|XP_009046723.1, L_gigantea|XP_009058115.1	C_virginica|XP_022308211.1
OG0000009	S_constricta_2	L_gigantea|XP_009046723.1, L_gigantea|XP_009058115.1	S_constricta|evm.model.ctg1628.1, S_constricta|evm.model.ctg6192.1, S_constricta|evm.model.ctg1696.4
OG0000009	B_glabrata_2	L_gigantea|XP_009046723.1, L_gigantea|XP_009058115.1	B_glabrata|XP_013080003.1, B_glabrata|XP_013094576.1, B_glabrata|XP_013063268.1
OG0000009	B_glabrata_2	L_gigantea|XP_009059556.1	B_glabrata|XP_013062473.1
OG0000009	O_bimaculoides_2	L_gigantea|XP_009059556.1	O_bimaculoides|XP_014768316.1
OG0000009	A_granulata_2	L_gigantea|XP_009044627.1	A_granulata|evm.model.Super-Scaffold_100013.618_1
OG0000009	C_virginica_2	L_gigantea|XP_009044627.1	C_virginica|XP_022299766.1
OG0000009	P_fucata_2	L_gigantea|XP_009044627.1	P_fucata|Pma_10021751
OG0000009	S_constricta_2	L_gigantea|XP_009044627.1	S_constricta|evm.model.ctg138.15, S_constricta|evm.model.ctg885.2
OG0000009	A_granulata_2	L_gigantea|XP_009057810.1	A_granulata|evm.model.Super-Scaffold_505.825_1
OG0000009	C_virginica_2	L_gigantea|XP_009057810.1	C_virginica|XP_022335661.1
OG0000009	P_fucata_2	L_gigantea|XP_009057810.1	P_fucata|Pma_10028191
OG0000009	H_robusta_2	L_gigantea|XP_009064159.1, L_gigantea|XP_009053527.1	H_robusta|ESO05234.1, H_robusta|ESN99757.1
OG0000009	A_granulata_2	L_gigantea|XP_009064159.1	A_granulata|evm.model.Super-Scaffold_100010.662_1
OG0000009	A_granulata_2	L_gigantea|XP_009053527.1	A_granulata|evm.model.Super-Scaffold_505.1121_1, A_granulata|evm.model.Super-Scaffold_100006.676_1, A_granulata|evm.model.Super-Scaffold_505.1606_1
OG0000009	S_constricta_2	L_gigantea|XP_009053527.1	S_constricta|evm.model.ctg923.6
OG0000009	P_fucata_2	L_gigantea|XP_009053527.1	P_fucata|Pma_10012832
OG0000009	B_glabrata_2	L_gigantea|XP_009053527.1	B_glabrata|XP_013063303.1
OG0000009	H_robusta_2	L_gigantea|XP_009053915.1	H_robusta|ESO00154.1, H_robusta|ESO04934.1
OG0000009	A_granulata_2	L_gigantea|XP_009053915.1	A_granulata|model.g14108.t1_1
OG0000009	B_glabrata_2	L_gigantea|XP_009053915.1	B_glabrata|XP_013082520.1
OG0000009	S_constricta_2	L_gigantea|XP_009053915.1	S_constricta|evm.model.ctg1144.9
OG0000009	C_virginica_2	L_gigantea|XP_009053915.1	C_virginica|XP_022286105.1, C_virginica|XP_022346077.1
OG0000011	C_virginica_2	L_gigantea|XP_009053022.1, L_gigantea|XP_009044047.1	C_virginica|XP_022340848.1
OG0000011	H_robusta_2	L_gigantea|XP_009053022.1	H_robusta|ESN93667.1
OG0000011	S_constricta_2	L_gigantea|XP_009053022.1	S_constricta|evm.model.ctg366.24
OG0000011	P_fucata_2	L_gigantea|XP_009053022.1	P_fucata|Pma_10023646
OG0000011	A_granulata_2	L_gigantea|XP_009053022.1	A_granulata|model.g14860.t1_1
OG0000011	O_bimaculoides_2	L_gigantea|XP_009053022.1	O_bimaculoides|XP_014785327.1
OG0000011	B_glabrata_2	L_gigantea|XP_009053022.1	B_glabrata|XP_013083200.1
OG0000011	B_glabrata_2	L_gigantea|XP_009044047.1	B_glabrata|XP_013092586.1
OG0000011	H_robusta_2	L_gigantea|XP_009044047.1	H_robusta|ESO04681.1
OG0000011	S_constricta_2	L_gigantea|XP_009044047.1	S_constricta|evm.model.ctg2170.1, S_constricta|evm.model.ctg5056.2, S_constricta|evm.model.ctg3433.3, S_constricta|evm.model.ctg1905.2, S_constricta|evm.model.ctg4448.1_evm.model.ctg4448.2, S_constricta|evm.model.ctg1905.3, S_constricta|evm.model.ctg2506.2.1, S_constricta|evm.model.ctg5056.1, S_constricta|evm.model.ctg2935.4, S_constricta|evm.model.ctg3898.1, S_constricta|evm.model.ctg2170.3, S_constricta|evm.model.ctg1414.7, S_constricta|evm.model.ctg3433.1, S_constricta|evm.model.ctg3898.2, S_constricta|evm.model.ctg3433.2, S_constricta|evm.model.ctg2935.1, S_constricta|evm.model.ctg2170.2, S_constricta|evm.model.ctg1173.9, S_constricta|evm.model.ctg2716.1, S_constricta|evm.model.ctg1173.10, S_constricta|evm.model.ctg1173.2, S_constricta|evm.model.ctg1173.1, S_constricta|evm.model.ctg1173.7, S_constricta|evm.model.ctg2947.1, S_constricta|evm.model.ctg1525.1, S_constricta|evm.model.ctg1611.4, S_constricta|evm.model.ctg1892.1, S_constricta|evm.model.ctg1611.6, S_constricta|evm.model.ctg1611.3, S_constricta|evm.model.ctg1173.6, S_constricta|evm.model.ctg1611.1, S_constricta|evm.model.ctg1189.1, S_constricta|evm.model.ctg2250.1, S_constricta|evm.model.ctg3234.3, S_constricta|evm.model.ctg3234.4, S_constricta|evm.model.ctg1611.5, S_constricta|evm.model.ctg1173.8, S_constricta|evm.model.ctg2947.2
OG0000015	H_robusta_2	L_gigantea|XP_009047434.1	H_robusta|ESN91326.1
OG0000015	O_bimaculoides_2	L_gigantea|XP_009047434.1	O_bimaculoides|XP_014774750.1
OG0000015	A_granulata_2	L_gigantea|XP_009047434.1	A_granulata|model.g11415.t1_1
OG0000015	B_glabrata_2	L_gigantea|XP_009047434.1	B_glabrata|XP_013076970.1
OG0000015	A_granulata_2	L_gigantea|XP_009049765.1	A_granulata|evm.model.Super-Scaffold_100057.39_1, A_granulata|model.g20494.t1_1
OG0000015	S_constricta_2	L_gigantea|XP_009049765.1	S_constricta|evm.model.ctg6408.1, S_constricta|evm.model.ctg109.15
OG0000015	P_fucata_2	L_gigantea|XP_009049765.1	P_fucata|Pma_10020663
OG0000015	H_robusta_2	L_gigantea|XP_009049765.1	H_robusta|ESN99536.1
OG0000015	H_robusta_2	L_gigantea|XP_009052518.1	H_robusta|ESN90293.1
OG0000015	O_bimaculoides_2	L_gigantea|XP_009052518.1	O_bimaculoides|XP_014789051.1
OG0000015	B_glabrata_2	L_gigantea|XP_009052518.1	B_glabrata|XP_013077189.1
OG0000015	A_granulata_2	L_gigantea|XP_009052518.1	A_granulata|evm.model.Super-Scaffold_100002.249_1
OG0000015	C_virginica_2	L_gigantea|XP_009052518.1	C_virginica|XP_022341159.1
OG0000015	S_constricta_2	L_gigantea|XP_009052518.1	S_constricta|evm.model.ctg528.30
OG0000016	H_robusta_2	L_gigantea|XP_009066031.1	H_robusta|ESO12711.1, H_robusta|ESO12860.1
OG0000016	A_granulata_2	L_gigantea|XP_009066031.1	A_granulata|evm.model.Super-Scaffold_100019.314_1, A_granulata|model.g20194.t1_1, A_granulata|evm.model.Super-Scaffold_100016.112_1, A_granulata|model.g19855.t1_1, A_granulata|evm.model.Super-Scaffold_505.1528_1, A_granulata|model.g26165.t1_1, A_granulata|evm.model.Super-Scaffold_100005.476_1, A_granulata|evm.model.Super-Scaffold_100037.2_1, A_granulata|model.g8906.t1_1
OG0000016	C_virginica_2	L_gigantea|XP_009066031.1	C_virginica|XP_022308580.1, C_virginica|XP_022294752.1, C_virginica|XP_022293525.1, C_virginica|XP_022332689.1, C_virginica|XP_022334600.1
OG0000016	P_fucata_2	L_gigantea|XP_009066031.1	P_fucata|Pma_10013077, P_fucata|Pma_10013078, P_fucata|Pma_10021023, P_fucata|Pma_10013072, P_fucata|Pma_10017238, P_fucata|Pma_10013074, P_fucata|Pma_2.319, P_fucata|Pma_10002971, P_fucata|Pma_10026311, P_fucata|Pma_10019994, P_fucata|Pma_10020228, P_fucata|Pma_10026308, P_fucata|Pma_10017082, P_fucata|Pma_10010486, P_fucata|Pma_10005410, P_fucata|Pma_10026304, P_fucata|Pma_10026305, P_fucata|Pma_10026309, P_fucata|Pma_10002972, P_fucata|Pma_10027671
OG0000016	S_constricta_2	L_gigantea|XP_009066031.1	S_constricta|evm.model.ctg496.5, S_constricta|evm.model.ctg6.81, S_constricta|evm.model.ctg174.7
OG0000016	B_glabrata_2	L_gigantea|XP_009066031.1	B_glabrata|XP_013068640.1, B_glabrata|XP_013068639.1, B_glabrata|XP_013090968.1, B_glabrata|XP_013089408.1, B_glabrata|XP_013090966.1, B_glabrata|XP_013093196.1, B_glabrata|XP_013094005.1, B_glabrata|XP_013080962.1, B_glabrata|XP_013062374.1, B_glabrata|XP_013080662.1, B_glabrata|XP_013093671.1, B_glabrata|XP_013078245.1, B_glabrata|XP_013086582.1, B_glabrata|XP_013086580.1, B_glabrata|XP_013091907.1, B_glabrata|XP_013092990.1, B_glabrata|XP_013096412.1
OG0000017	H_robusta_2	L_gigantea|XP_009054246.1	H_robusta|ESO10253.1
OG0000017	A_granulata_2	L_gigantea|XP_009054246.1	A_granulata|model.g4966.t1_1, A_granulata|model.g706.t1_1, A_granulata|model.g4965.t1_1, A_granulata|evm.model.Super-Scaffold_100003.1034_1
OG0000017	C_virginica_2	L_gigantea|XP_009054246.1	C_virginica|XP_022344548.1, C_virginica|XP_022344551.1, C_virginica|XP_022343020.1
OG0000017	P_fucata_2	L_gigantea|XP_009054246.1	P_fucata|Pma_10029257, P_fucata|Pma_10029259, P_fucata|Pma_10024934
OG0000017	O_bimaculoides_2	L_gigantea|XP_009054246.1	O_bimaculoides|XP_014773512.1
OG0000017	B_glabrata_2	L_gigantea|XP_009054246.1	B_glabrata|XP_013083785.1
OG0000017	S_constricta_2	L_gigantea|XP_009061494.1	S_constricta|evm.model.ctg747.5, S_constricta|evm.model.ctg747.4, S_constricta|evm.model.ctg225.33, S_constricta|evm.model.ctg337.18, S_constricta|evm.model.ctg489.2, S_constricta|evm.model.ctg325.3, S_constricta|evm.model.ctg3125.1, S_constricta|evm.model.ctg416.42
OG0000017	C_virginica_2	L_gigantea|XP_009061494.1	C_virginica|XP_022344537.1, C_virginica|XP_022344538.1, C_virginica|XP_022338110.1, C_virginica|XP_022344539.1, C_virginica|XP_022288802.1, C_virginica|XP_022292738.1, C_virginica|XP_022339402.1, C_virginica|XP_022339405.1
OG0000017	P_fucata_2	L_gigantea|XP_009061494.1	P_fucata|Pma_10029261, P_fucata|Pma_10003264, P_fucata|Pma_10029262, P_fucata|Pma_10021622, P_fucata|Pma_10031907, P_fucata|Pma_10005159, P_fucata|Pma_10016044, P_fucata|Pma_10016367, P_fucata|Pma_10023166
OG0000017	B_glabrata_2	L_gigantea|XP_009061494.1	B_glabrata|XP_013078946.1, B_glabrata|XP_013065892.1, B_glabrata|XP_013065863.1, B_glabrata|XP_013079385.1, B_glabrata|XP_013079394.1, B_glabrata|XP_013077200.1, B_glabrata|XP_013062035.1, B_glabrata|XP_013065895.1, B_glabrata|XP_013062034.1, B_glabrata|XP_013077202.1, B_glabrata|XP_013065857.1, B_glabrata|XP_013065893.1, B_glabrata|XP_013080598.1, B_glabrata|XP_013080599.1, B_glabrata|XP_013093165.1
OG0000018	P_fucata_2	L_gigantea|XP_009055411.1	P_fucata|Pma_10018321, P_fucata|Pma_10016081, P_fucata|Pma_10027321, P_fucata|Pma_10011065, P_fucata|Pma_10013599, P_fucata|Pma_10021855, P_fucata|Pma_10022476, P_fucata|Pma_10020684, P_fucata|Pma_10026948, P_fucata|Pma_10028434, P_fucata|Pma_10021692, P_fucata|Pma_10001184, P_fucata|Pma_10018175, P_fucata|Pma_10030542, P_fucata|Pma_10023239, P_fucata|Pma_10020252, P_fucata|Pma_10025744, P_fucata|Pma_10002367, P_fucata|Pma_10013560, P_fucata|Pma_10010736, P_fucata|Pma_10007429, P_fucata|Pma_10000702, P_fucata|Pma_10029440, P_fucata|Pma_10011394, P_fucata|Pma_10023184, P_fucata|Pma_10006442, P_fucata|Pma_10022327, P_fucata|Pma_10023372, P_fucata|Pma_10020542, P_fucata|Pma_10023966, P_fucata|Pma_10030882, P_fucata|Pma_10004726, P_fucata|Pma_10013561, P_fucata|Pma_10009009, P_fucata|Pma_10002677, P_fucata|Pma_10010284, P_fucata|Pma_10013403, P_fucata|Pma_10006138, P_fucata|Pma_10005768, P_fucata|Pma_10030764, P_fucata|Pma_10021806, P_fucata|Pma_10016667, P_fucata|Pma_10007024, P_fucata|Pma_10004474, P_fucata|Pma_10008755, P_fucata|Pma_10019583, P_fucata|Pma_10031645, P_fucata|Pma_10024686, P_fucata|Pma_10006295, P_fucata|Pma_10026409, P_fucata|Pma_10012443, P_fucata|Pma_10016439, P_fucata|Pma_10011110, P_fucata|Pma_10022590, P_fucata|Pma_10023292, P_fucata|Pma_10013452, P_fucata|Pma_10013450, P_fucata|Pma_10014320
OG0000018	C_virginica_2	L_gigantea|XP_009055411.1	C_virginica|XP_022333877.1, C_virginica|XP_022300455.1
OG0000019	O_bimaculoides_2	L_gigantea|XP_009050388.1	O_bimaculoides|XP_014773657.1
OG0000019	H_robusta_2	L_gigantea|XP_009050388.1	H_robusta|ESO05380.1
OG0000019	B_glabrata_2	L_gigantea|XP_009050388.1	B_glabrata|XP_013085161.1
OG0000019	C_virginica_2	L_gigantea|XP_009050388.1	C_virginica|XP_022338983.1
OG0000019	S_constricta_2	L_gigantea|XP_009050388.1	S_constricta|evm.model.ctg23.32
OG0000019	S_constricta_2	L_gigantea|XP_009059734.1	S_constricta|evm.model.ctg9.1, S_constricta|evm.model.ctg128.7
OG0000019	C_virginica_2	L_gigantea|XP_009059734.1	C_virginica|XP_022314994.1
OG0000019	P_fucata_2	L_gigantea|XP_009059734.1	P_fucata|Pma_10027659
OG0000019	A_granulata_2	L_gigantea|XP_009059734.1	A_granulata|model.g7414.t1_1
OG0000019	B_glabrata_2	L_gigantea|XP_009059734.1	B_glabrata|XP_013083944.1
OG0000019	H_robusta_2	L_gigantea|XP_009062371.1, L_gigantea|XP_009054782.1, L_gigantea|XP_009053791.1, L_gigantea|XP_009057899.1, L_gigantea|XP_009044088.1, L_gigantea|XP_009063508.1, L_gigantea|XP_009056958.1, L_gigantea|XP_009047890.1	H_robusta|ESO09462.1
OG0000019	B_glabrata_2	L_gigantea|XP_009062371.1	B_glabrata|XP_013072245.1
OG0000019	A_granulata_2	L_gigantea|XP_009062371.1	A_granulata|model.g14035.t1_1
OG0000019	S_constricta_2	L_gigantea|XP_009062371.1	S_constricta|evm.model.ctg859.12
OG0000019	C_virginica_2	L_gigantea|XP_009062371.1	C_virginica|XP_022337519.1
OG0000019	P_fucata_2	L_gigantea|XP_009062371.1	P_fucata|Pma_10025141
OG0000019	O_bimaculoides_2	L_gigantea|XP_009054782.1, L_gigantea|XP_009053791.1	O_bimaculoides|XP_014772300.1
OG0000019	A_granulata_2	L_gigantea|XP_009054782.1	A_granulata|model.g11695.t1_1
OG0000019	S_constricta_2	L_gigantea|XP_009054782.1	S_constricta|evm.model.ctg139.17
OG0000019	S_constricta_2	L_gigantea|XP_009053791.1	S_constricta|evm.model.ctg117.11
OG0000019	C_virginica_2	L_gigantea|XP_009053791.1	C_virginica|XP_022313091.1, C_virginica|XP_022313389.1
OG0000019	P_fucata_2	L_gigantea|XP_009053791.1	P_fucata|Pma_10004783, P_fucata|Pma_10004784
OG0000019	A_granulata_2	L_gigantea|XP_009057899.1	A_granulata|model.g7451.t1_1
OG0000019	S_constricta_2	L_gigantea|XP_009057899.1	S_constricta|evm.model.ctg510.19
OG0000019	C_virginica_2	L_gigantea|XP_009057899.1	C_virginica|XP_022312847.1, C_virginica|XP_022312947.1
OG0000019	P_fucata_2	L_gigantea|XP_009057899.1	P_fucata|Pma_10004192
OG0000019	S_constricta_2	L_gigantea|XP_009063508.1	S_constricta|evm.model.ctg274.25
OG0000019	P_fucata_2	L_gigantea|XP_009063508.1	P_fucata|Pma_10020247
OG0000019	B_glabrata_2	L_gigantea|XP_009056958.1, L_gigantea|XP_009047890.1	B_glabrata|XP_013063444.1
OG0000019	O_bimaculoides_2	L_gigantea|XP_009056958.1, L_gigantea|XP_009047890.1	O_bimaculoides|XP_014780698.1
OG0000019	S_constricta_2	L_gigantea|XP_009056958.1	S_constricta|evm.model.ctg84.12
OG0000019	C_virginica_2	L_gigantea|XP_009056958.1	C_virginica|XP_022302633.1
OG0000019	P_fucata_2	L_gigantea|XP_009056958.1	P_fucata|Pma_10023026, P_fucata|Pma_10013841
OG0000019	A_granulata_2	L_gigantea|XP_009056958.1	A_granulata|model.g11738.t1.5.5d3b86a4_1
OG0000019	S_constricta_2	L_gigantea|XP_009047890.1	S_constricta|evm.model.ctg131.23, S_constricta|evm.model.ctg131.22
OG0000019	C_virginica_2	L_gigantea|XP_009047890.1	C_virginica|XP_022313153.1
OG0000019	P_fucata_2	L_gigantea|XP_009047890.1	P_fucata|Pma_10003080
OG0000019	A_granulata_2	L_gigantea|XP_009047890.1	A_granulata|model.g8205.t1_1
OG0000020	O_bimaculoides_2	L_gigantea|XP_009057758.1, L_gigantea|XP_009046332.1, L_gigantea|XP_009046334.1, L_gigantea|XP_009046333.1, L_gigantea|XP_009047653.1, L_gigantea|XP_009051451.1, L_gigantea|XP_009051452.1, L_gigantea|XP_009054607.1, L_gigantea|XP_009059079.1	O_bimaculoides|XP_014770772.1, O_bimaculoides|XP_014770779.1, O_bimaculoides|XP_014780678.1, O_bimaculoides|XP_014782253.1, O_bimaculoides|XP_014783124.1, O_bimaculoides|XP_014784698.1
OG0000020	C_virginica_2	L_gigantea|XP_009057758.1, L_gigantea|XP_009046332.1, L_gigantea|XP_009046334.1, L_gigantea|XP_009046333.1, L_gigantea|XP_009047653.1, L_gigantea|XP_009051451.1, L_gigantea|XP_009051452.1, L_gigantea|XP_009054607.1, L_gigantea|XP_009059079.1	C_virginica|XP_022331975.1, C_virginica|XP_022331976.1
OG0000020	A_granulata_2	L_gigantea|XP_009057758.1	A_granulata|model.g12028.t1_1, A_granulata|model.g12671.t1_1
OG0000020	P_fucata_2	L_gigantea|XP_009046332.1, L_gigantea|XP_009046334.1, L_gigantea|XP_009046333.1	P_fucata|Pma_10019387, P_fucata|Pma_10020902
OG0000020	S_constricta_2	L_gigantea|XP_009046332.1, L_gigantea|XP_009046334.1, L_gigantea|XP_009046333.1	S_constricta|evm.model.ctg3.92, S_constricta|evm.model.ctg1086.13, S_constricta|evm.model.ctg1086.12, S_constricta|evm.model.ctg1086.11, S_constricta|evm.model.ctg1086.9, S_constricta|evm.model.ctg2779.2, S_constricta|evm.model.ctg6487.1, S_constricta|evm.model.ctg1723.2, S_constricta|evm.model.ctg727.2, S_constricta|evm.model.ctg727.4, S_constricta|evm.model.ctg5497.1, S_constricta|evm.model.ctg727.3, S_constricta|evm.model.ctg28.4, S_constricta|evm.model.ctg189.107
OG0000020	P_fucata_2	L_gigantea|XP_009047653.1, L_gigantea|XP_009051451.1, L_gigantea|XP_009051452.1, L_gigantea|XP_009054607.1, L_gigantea|XP_009059079.1	P_fucata|Pma_10026027, P_fucata|Pma_10001746
OG0000020	B_glabrata_2	L_gigantea|XP_009047653.1, L_gigantea|XP_009051451.1, L_gigantea|XP_009051452.1, L_gigantea|XP_009054607.1, L_gigantea|XP_009059079.1	B_glabrata|XP_013079560.1, B_glabrata|XP_013082920.1
OG0000021	A_granulata_2	L_gigantea|XP_009056174.1, L_gigantea|XP_009061998.1, L_gigantea|XP_009045657.1, L_gigantea|XP_009053740.1	A_granulata|model.g31071.t1_1, A_granulata|evm.model.Super-Scaffold_100012.51_1
OG0000021	P_fucata_2	L_gigantea|XP_009061998.1	P_fucata|Pma_10031676, P_fucata|Pma_10018803, P_fucata|Pma_10018494, P_fucata|Pma_312.314, P_fucata|Pma_10025973, P_fucata|Pma_388.228
OG0000021	C_virginica_2	L_gigantea|XP_009061998.1	C_virginica|XP_022320337.1, C_virginica|XP_022319163.1, C_virginica|XP_022330434.1, C_virginica|XP_022342549.1, C_virginica|XP_022291094.1, C_virginica|XP_022291640.1, C_virginica|XP_022308078.1
OG0000021	S_constricta_2	L_gigantea|XP_009045657.1, L_gigantea|XP_009053740.1	S_constricta|evm.model.ctg1671.1, S_constricta|evm.model.ctg3068.1
OG0000021	P_fucata_2	L_gigantea|XP_009045657.1, L_gigantea|XP_009053740.1	P_fucata|Pma_211.729, P_fucata|Pma_291.611, P_fucata|Pma_10000128
OG0000023	S_constricta_2	L_gigantea|XP_009044903.1	S_constricta|evm.model.ctg238.53
OG0000023	H_robusta_2	L_gigantea|XP_009044903.1	H_robusta|ESO00598.1
OG0000023	C_virginica_2	L_gigantea|XP_009044903.1	C_virginica|XP_022322019.1
OG0000023	A_granulata_2	L_gigantea|XP_009044903.1	A_granulata|evm.model.Super-Scaffold_100002.117_1
OG0000023	O_bimaculoides_2	L_gigantea|XP_009044903.1	O_bimaculoides|XP_014787445.1
OG0000023	P_fucata_2	L_gigantea|XP_009044903.1	P_fucata|Pma_10014854
OG0000023	B_glabrata_2	L_gigantea|XP_009044903.1	B_glabrata|XP_013069100.1
OG0000024	H_robusta_2	L_gigantea|XP_009056746.1	H_robusta|ESN91305.1
OG0000024	B_glabrata_2	L_gigantea|XP_009056746.1	B_glabrata|XP_013079153.1
OG0000024	O_bimaculoides_2	L_gigantea|XP_009056746.1	O_bimaculoides|XP_014778891.1
OG0000024	S_constricta_2	L_gigantea|XP_009056746.1	S_constricta|evm.model.ctg14.39
OG0000024	C_virginica_2	L_gigantea|XP_009056746.1	C_virginica|XP_022319000.1
OG0000024	A_granulata_2	L_gigantea|XP_009056746.1	A_granulata|evm.model.Super-Scaffold_100005.884_1
OG0000024	P_fucata_2	L_gigantea|XP_009056746.1	P_fucata|Pma_10012487
OG0000025	H_robusta_2	L_gigantea|XP_009048639.1	H_robusta|ESN91955.1
OG0000025	S_constricta_2	L_gigantea|XP_009048639.1	S_constricta|evm.model.ctg97.43
OG0000025	A_granulata_2	L_gigantea|XP_009048639.1	A_granulata|evm.model.Super-Scaffold_100008.679_1
OG0000025	O_bimaculoides_2	L_gigantea|XP_009048639.1	O_bimaculoides|XP_014789699.1
OG0000025	C_virginica_2	L_gigantea|XP_009048639.1	C_virginica|XP_022316668.1
OG0000025	P_fucata_2	L_gigantea|XP_009048639.1	P_fucata|Pma_10016699
OG0000025	B_glabrata_2	L_gigantea|XP_009048639.1	B_glabrata|XP_013070418.1
OG0000026	S_constricta_2	L_gigantea|XP_009051788.1	S_constricta|evm.model.ctg1004.16
OG0000026	O_bimaculoides_2	L_gigantea|XP_009051788.1	O_bimaculoides|XP_014789426.1
OG0000026	C_virginica_2	L_gigantea|XP_009051788.1	C_virginica|XP_022344839.1
OG0000026	P_fucata_2	L_gigantea|XP_009051788.1	P_fucata|Pma_10004014
OG0000026	A_granulata_2	L_gigantea|XP_009051788.1	A_granulata|evm.model.Super-Scaffold_100010.607_1
OG0000026	B_glabrata_2	L_gigantea|XP_009051788.1	B_glabrata|XP_013085147.1
OG0000026	H_robusta_2	L_gigantea|XP_009051788.1	H_robusta|ESN95294.1
OG0000027	O_bimaculoides_2	L_gigantea|XP_009058327.1	O_bimaculoides|XP_014788131.1
OG0000027	H_robusta_2	L_gigantea|XP_009058327.1	H_robusta|ESO08179.1
OG0000027	A_granulata_2	L_gigantea|XP_009058327.1	A_granulata|evm.model.Super-Scaffold_100013.373_1
OG0000027	B_glabrata_2	L_gigantea|XP_009058327.1	B_glabrata|XP_013079423.1
OG0000027	S_constricta_2	L_gigantea|XP_009058327.1	S_constricta|evm.model.ctg660.7
OG0000027	C_virginica_2	L_gigantea|XP_009058327.1	C_virginica|XP_022341852.1
OG0000027	P_fucata_2	L_gigantea|XP_009058327.1	P_fucata|Pma_10008115
OG0000028	B_glabrata_2	L_gigantea|XP_009050366.1	B_glabrata|XP_013064541.1
OG0000028	O_bimaculoides_2	L_gigantea|XP_009050366.1	O_bimaculoides|XP_014790475.1
OG0000028	A_granulata_2	L_gigantea|XP_009050366.1	A_granulata|evm.model.Super-Scaffold_100025.188_1
OG0000028	S_constricta_2	L_gigantea|XP_009050366.1	S_constricta|evm.model.ctg930.2
OG0000028	C_virginica_2	L_gigantea|XP_009050366.1	C_virginica|XP_022321873.1
OG0000028	P_fucata_2	L_gigantea|XP_009050366.1	P_fucata|Pma_10025415
OG0000028	H_robusta_2	L_gigantea|XP_009050366.1	H_robusta|ESO08129.1
OG0000029	A_granulata_2	L_gigantea|XP_009051479.1	A_granulata|model.g2134.t1_1
OG0000029	H_robusta_2	L_gigantea|XP_009051479.1	H_robusta|ESO13052.1
OG0000029	O_bimaculoides_2	L_gigantea|XP_009051479.1	O_bimaculoides|XP_014772627.1
OG0000029	B_glabrata_2	L_gigantea|XP_009051479.1	B_glabrata|XP_013084231.1
OG0000029	S_constricta_2	L_gigantea|XP_009051479.1	S_constricta|evm.model.ctg492.4
OG0000029	C_virginica_2	L_gigantea|XP_009051479.1	C_virginica|XP_022344457.1
OG0000029	P_fucata_2	L_gigantea|XP_009051479.1	P_fucata|Pma_10031590
OG0000030	A_granulata_2	L_gigantea|XP_009051490.1	A_granulata|model.g1298.t1_1
OG0000030	O_bimaculoides_2	L_gigantea|XP_009051490.1	O_bimaculoides|XP_014784674.1
OG0000030	B_glabrata_2	L_gigantea|XP_009051490.1	B_glabrata|XP_013088149.1
OG0000030	H_robusta_2	L_gigantea|XP_009051490.1	H_robusta|ESO09280.1
OG0000030	S_constricta_2	L_gigantea|XP_009051490.1	S_constricta|evm.model.ctg40.49
OG0000030	C_virginica_2	L_gigantea|XP_009051490.1	C_virginica|XP_022308357.1
OG0000030	P_fucata_2	L_gigantea|XP_009051490.1	P_fucata|Pma_10019276
OG0000031	B_glabrata_2	L_gigantea|XP_009055442.1	B_glabrata|XP_013061816.1
OG0000031	O_bimaculoides_2	L_gigantea|XP_009055442.1	O_bimaculoides|XP_014787618.1
OG0000031	H_robusta_2	L_gigantea|XP_009055442.1	H_robusta|ESO09736.1
OG0000031	S_constricta_2	L_gigantea|XP_009055442.1	S_constricta|evm.model.ctg142.10
OG0000031	C_virginica_2	L_gigantea|XP_009055442.1	C_virginica|XP_022328400.1
OG0000031	P_fucata_2	L_gigantea|XP_009055442.1	P_fucata|Pma_10004601
OG0000031	A_granulata_2	L_gigantea|XP_009055442.1	A_granulata|model.g100.t1_1
OG0000032	H_robusta_2	L_gigantea|XP_009048498.1	H_robusta|ESO02199.1
OG0000032	S_constricta_2	L_gigantea|XP_009048498.1	S_constricta|evm.model.ctg145.40
OG0000032	A_granulata_2	L_gigantea|XP_009048498.1	A_granulata|model.g501.t1_1
OG0000032	C_virginica_2	L_gigantea|XP_009048498.1	C_virginica|XP_022338696.1
OG0000032	P_fucata_2	L_gigantea|XP_009048498.1	P_fucata|Pma_10001679
OG0000032	O_bimaculoides_2	L_gigantea|XP_009048498.1	O_bimaculoides|XP_014773878.1
OG0000032	B_glabrata_2	L_gigantea|XP_009048498.1	B_glabrata|XP_013081362.1
OG0000033	A_granulata_2	L_gigantea|XP_009056300.1	A_granulata|model.g1883.t1_1
OG0000033	O_bimaculoides_2	L_gigantea|XP_009056300.1	O_bimaculoides|XP_014769418.1
OG0000033	S_constricta_2	L_gigantea|XP_009056300.1	S_constricta|evm.model.ctg647.9
OG0000033	C_virginica_2	L_gigantea|XP_009056300.1	C_virginica|XP_022343803.1
OG0000033	P_fucata_2	L_gigantea|XP_009056300.1	P_fucata|Pma_10026789
OG0000033	H_robusta_2	L_gigantea|XP_009056300.1	H_robusta|ESN90052.1
OG0000033	B_glabrata_2	L_gigantea|XP_009056300.1	B_glabrata|XP_013091381.1
OG0000034	B_glabrata_2	L_gigantea|XP_009054295.1	B_glabrata|XP_013078957.1
OG0000034	S_constricta_2	L_gigantea|XP_009054295.1	S_constricta|evm.model.ctg613.8
OG0000034	C_virginica_2	L_gigantea|XP_009054295.1	C_virginica|XP_022343845.1
OG0000034	P_fucata_2	L_gigantea|XP_009054295.1	P_fucata|Pma_10032131
OG0000034	A_granulata_2	L_gigantea|XP_009054295.1	A_granulata|model.g1662.t1_1
OG0000034	O_bimaculoides_2	L_gigantea|XP_009054295.1	O_bimaculoides|XP_014777276.1
OG0000034	H_robusta_2	L_gigantea|XP_009054295.1	H_robusta|ESN90476.1
OG0000035	S_constricta_2	L_gigantea|XP_009063552.1	S_constricta|evm.model.ctg392.9
OG0000035	A_granulata_2	L_gigantea|XP_009063552.1	A_granulata|model.g3215.t1_1
OG0000035	H_robusta_2	L_gigantea|XP_009063552.1	H_robusta|ESO10634.1
OG0000035	C_virginica_2	L_gigantea|XP_009063552.1	C_virginica|XP_022313863.1
OG0000035	P_fucata_2	L_gigantea|XP_009063552.1	P_fucata|Pma_10016128
OG0000035	B_glabrata_2	L_gigantea|XP_009063552.1	B_glabrata|XP_013075562.1
OG0000035	O_bimaculoides_2	L_gigantea|XP_009063552.1	O_bimaculoides|XP_014772225.1
OG0000036	A_granulata_2	L_gigantea|XP_009048015.1	A_granulata|model.g3997.t1_1
OG0000036	O_bimaculoides_2	L_gigantea|XP_009048015.1	O_bimaculoides|XP_014776166.1
OG0000036	S_constricta_2	L_gigantea|XP_009048015.1	S_constricta|evm.model.ctg96.20
OG0000036	C_virginica_2	L_gigantea|XP_009048015.1	C_virginica|XP_022314684.1
OG0000036	P_fucata_2	L_gigantea|XP_009048015.1	P_fucata|Pma_10028537
OG0000036	B_glabrata_2	L_gigantea|XP_009048015.1	B_glabrata|XP_013064900.1
OG0000036	H_robusta_2	L_gigantea|XP_009048015.1	H_robusta|ESO10298.1
OG0000037	A_granulata_2	L_gigantea|XP_009045422.1	A_granulata|model.g4135.t1_1
OG0000037	H_robusta_2	L_gigantea|XP_009045422.1	H_robusta|ESN95204.1
OG0000037	O_bimaculoides_2	L_gigantea|XP_009045422.1	O_bimaculoides|XP_014785114.1
OG0000037	S_constricta_2	L_gigantea|XP_009045422.1	S_constricta|evm.model.ctg533.29
OG0000037	C_virginica_2	L_gigantea|XP_009045422.1	C_virginica|XP_022316489.1
OG0000037	P_fucata_2	L_gigantea|XP_009045422.1	P_fucata|Pma_10007898
OG0000037	B_glabrata_2	L_gigantea|XP_009045422.1	B_glabrata|XP_013085046.1
OG0000038	A_granulata_2	L_gigantea|XP_009067307.1	A_granulata|model.g3909.t1_1
OG0000038	O_bimaculoides_2	L_gigantea|XP_009067307.1	O_bimaculoides|XP_014773522.1
OG0000038	S_constricta_2	L_gigantea|XP_009067307.1	S_constricta|evm.model.ctg1402.5
OG0000038	H_robusta_2	L_gigantea|XP_009067307.1	H_robusta|ESO05119.1
OG0000038	C_virginica_2	L_gigantea|XP_009067307.1	C_virginica|XP_022314870.1
OG0000038	P_fucata_2	L_gigantea|XP_009067307.1	P_fucata|Pma_225.222
OG0000038	B_glabrata_2	L_gigantea|XP_009067307.1	B_glabrata|XP_013077767.1
OG0000039	B_glabrata_2	L_gigantea|XP_009046521.1	B_glabrata|XP_013086056.1
OG0000039	O_bimaculoides_2	L_gigantea|XP_009046521.1	O_bimaculoides|XP_014772348.1
OG0000039	H_robusta_2	L_gigantea|XP_009046521.1	H_robusta|ESN96911.1
OG0000039	C_virginica_2	L_gigantea|XP_009046521.1	C_virginica|XP_022309414.1
OG0000039	P_fucata_2	L_gigantea|XP_009046521.1	P_fucata|Pma_10017118
OG0000039	A_granulata_2	L_gigantea|XP_009046521.1	A_granulata|model.g5912.t1_1
OG0000039	S_constricta_2	L_gigantea|XP_009046521.1	S_constricta|evm.model.ctg271.100
OG0000040	H_robusta_2	L_gigantea|XP_009047712.1	H_robusta|ESO01626.1
OG0000040	A_granulata_2	L_gigantea|XP_009047712.1	A_granulata|model.g6072.t1_1
OG0000040	C_virginica_2	L_gigantea|XP_009047712.1	C_virginica|XP_022332522.1
OG0000040	P_fucata_2	L_gigantea|XP_009047712.1	P_fucata|Pma_10009782
OG0000040	O_bimaculoides_2	L_gigantea|XP_009047712.1	O_bimaculoides|XP_014788148.1
OG0000040	B_glabrata_2	L_gigantea|XP_009047712.1	B_glabrata|XP_013079984.1
OG0000040	S_constricta_2	L_gigantea|XP_009047712.1	S_constricta|evm.model.ctg76.36
OG0000041	H_robusta_2	L_gigantea|XP_009050006.1	H_robusta|ESO00575.1
OG0000041	O_bimaculoides_2	L_gigantea|XP_009050006.1	O_bimaculoides|XP_014773542.1
OG0000041	A_granulata_2	L_gigantea|XP_009050006.1	A_granulata|model.g8800.t1_1
OG0000041	S_constricta_2	L_gigantea|XP_009050006.1	S_constricta|evm.model.ctg64.47
OG0000041	C_virginica_2	L_gigantea|XP_009050006.1	C_virginica|XP_022301526.1
OG0000041	P_fucata_2	L_gigantea|XP_009050006.1	P_fucata|Pma_10020132
OG0000041	B_glabrata_2	L_gigantea|XP_009050006.1	B_glabrata|XP_013075181.1
OG0000042	C_virginica_2	L_gigantea|XP_009062528.1	C_virginica|XP_022300046.1
OG0000042	B_glabrata_2	L_gigantea|XP_009062528.1	B_glabrata|XP_013068776.1
OG0000042	P_fucata_2	L_gigantea|XP_009062528.1	P_fucata|Pma_10002130
OG0000042	A_granulata_2	L_gigantea|XP_009062528.1	A_granulata|model.g8671.t1_1
OG0000042	O_bimaculoides_2	L_gigantea|XP_009062528.1	O_bimaculoides|XP_014775340.1
OG0000042	H_robusta_2	L_gigantea|XP_009062528.1	H_robusta|ESN96167.1
OG0000042	S_constricta_2	L_gigantea|XP_009062528.1	S_constricta|evm.model.ctg154.29
OG0000043	H_robusta_2	L_gigantea|XP_009045632.1	H_robusta|ESO04933.1
OG0000043	O_bimaculoides_2	L_gigantea|XP_009045632.1	O_bimaculoides|XP_014783376.1
OG0000043	A_granulata_2	L_gigantea|XP_009045632.1	A_granulata|model.g9992.t1_1
OG0000043	S_constricta_2	L_gigantea|XP_009045632.1	S_constricta|evm.model.ctg491.9
OG0000043	C_virginica_2	L_gigantea|XP_009045632.1	C_virginica|XP_022322855.1
OG0000043	P_fucata_2	L_gigantea|XP_009045632.1	P_fucata|Pma_10008006
OG0000043	B_glabrata_2	L_gigantea|XP_009045632.1	B_glabrata|XP_013064636.1
OG0000044	A_granulata_2	L_gigantea|XP_009057767.1	A_granulata|model.g9597.t1_1
OG0000044	O_bimaculoides_2	L_gigantea|XP_009057767.1	O_bimaculoides|XP_014767759.1
OG0000044	S_constricta_2	L_gigantea|XP_009057767.1	S_constricta|evm.model.ctg340.12
OG0000044	C_virginica_2	L_gigantea|XP_009057767.1	C_virginica|XP_022334366.1
OG0000044	P_fucata_2	L_gigantea|XP_009057767.1	P_fucata|Pma_10030088
OG0000044	B_glabrata_2	L_gigantea|XP_009057767.1	B_glabrata|XP_013096019.1
OG0000044	H_robusta_2	L_gigantea|XP_009057767.1	H_robusta|ESO00697.1
OG0000045	H_robusta_2	L_gigantea|XP_009043858.1	H_robusta|ESN99635.1
OG0000045	O_bimaculoides_2	L_gigantea|XP_009043858.1	O_bimaculoides|XP_014774176.1
OG0000045	S_constricta_2	L_gigantea|XP_009043858.1	S_constricta|evm.model.ctg968.2
OG0000045	C_virginica_2	L_gigantea|XP_009043858.1	C_virginica|XP_022317065.1
OG0000045	P_fucata_2	L_gigantea|XP_009043858.1	P_fucata|Pma_10002234
OG0000045	A_granulata_2	L_gigantea|XP_009043858.1	A_granulata|model.g11944.t1_1
OG0000045	B_glabrata_2	L_gigantea|XP_009043858.1	B_glabrata|XP_013086308.1
OG0000046	H_robusta_2	L_gigantea|XP_009060904.1	H_robusta|ESO10083.1
OG0000046	S_constricta_2	L_gigantea|XP_009060904.1	S_constricta|evm.model.ctg667.12
OG0000046	O_bimaculoides_2	L_gigantea|XP_009060904.1	O_bimaculoides|XP_014772041.1
OG0000046	C_virginica_2	L_gigantea|XP_009060904.1	C_virginica|XP_022325540.1
OG0000046	P_fucata_2	L_gigantea|XP_009060904.1	P_fucata|Pma_10027324
OG0000046	A_granulata_2	L_gigantea|XP_009060904.1	A_granulata|model.g13152.t1_1
OG0000046	B_glabrata_2	L_gigantea|XP_009060904.1	B_glabrata|XP_013066099.1
OG0000047	A_granulata_2	L_gigantea|XP_009059115.1	A_granulata|model.g15250.t1_1
OG0000047	O_bimaculoides_2	L_gigantea|XP_009059115.1	O_bimaculoides|XP_014770126.1
OG0000047	S_constricta_2	L_gigantea|XP_009059115.1	S_constricta|evm.model.ctg1.21
OG0000047	C_virginica_2	L_gigantea|XP_009059115.1	C_virginica|XP_022333984.1
OG0000047	P_fucata_2	L_gigantea|XP_009059115.1	P_fucata|Pma_10023216
OG0000047	B_glabrata_2	L_gigantea|XP_009059115.1	B_glabrata|XP_013082575.1
OG0000047	H_robusta_2	L_gigantea|XP_009059115.1	H_robusta|ESN91550.1
OG0000048	B_glabrata_2	L_gigantea|XP_009064850.1	B_glabrata|XP_013086900.1
OG0000048	H_robusta_2	L_gigantea|XP_009064850.1	H_robusta|ESO13187.1
OG0000048	C_virginica_2	L_gigantea|XP_009064850.1	C_virginica|XP_022330767.1
OG0000048	P_fucata_2	L_gigantea|XP_009064850.1	P_fucata|Pma_10003678
OG0000048	S_constricta_2	L_gigantea|XP_009064850.1	S_constricta|evm.model.ctg1.125_evm.model.ctg1.126
OG0000048	O_bimaculoides_2	L_gigantea|XP_009064850.1	O_bimaculoides|XP_014783673.1
OG0000048	A_granulata_2	L_gigantea|XP_009064850.1	A_granulata|model.g15596.t1_1
OG0000049	A_granulata_2	L_gigantea|XP_009043632.1	A_granulata|model.g17957.t1_1
OG0000049	O_bimaculoides_2	L_gigantea|XP_009043632.1	O_bimaculoides|XP_014790578.1
OG0000049	H_robusta_2	L_gigantea|XP_009043632.1	H_robusta|ESN98754.1
OG0000049	S_constricta_2	L_gigantea|XP_009043632.1	S_constricta|evm.model.ctg388.17
OG0000049	C_virginica_2	L_gigantea|XP_009043632.1	C_virginica|XP_022333004.1
OG0000049	P_fucata_2	L_gigantea|XP_009043632.1	P_fucata|Pma_10020653
OG0000049	B_glabrata_2	L_gigantea|XP_009043632.1	B_glabrata|XP_013067132.1
OG0000050	H_robusta_2	L_gigantea|XP_009053420.1	H_robusta|ESO00076.1
OG0000050	O_bimaculoides_2	L_gigantea|XP_009053420.1	O_bimaculoides|XP_014773139.1
OG0000050	S_constricta_2	L_gigantea|XP_009053420.1	S_constricta|evm.model.ctg51.64
OG0000050	A_granulata_2	L_gigantea|XP_009053420.1	A_granulata|model.g30402.t1_1
OG0000050	P_fucata_2	L_gigantea|XP_009053420.1	P_fucata|Pma_10006139
OG0000050	C_virginica_2	L_gigantea|XP_009053420.1	C_virginica|XP_022340056.1
OG0000050	B_glabrata_2	L_gigantea|XP_009053420.1	B_glabrata|XP_013095945.1
OG0000051	H_robusta_2	L_gigantea|XP_009050923.1	H_robusta|ESN99728.1
OG0000051	O_bimaculoides_2	L_gigantea|XP_009050923.1	O_bimaculoides|XP_014776868.1
OG0000051	A_granulata_2	L_gigantea|XP_009050923.1	A_granulata|model.g29359.t1_1
OG0000051	C_virginica_2	L_gigantea|XP_009050923.1	C_virginica|XP_022343998.1
OG0000051	P_fucata_2	L_gigantea|XP_009050923.1	P_fucata|Pma_10021729
OG0000051	S_constricta_2	L_gigantea|XP_009050923.1	S_constricta|evm.model.ctg185.15
OG0000051	B_glabrata_2	L_gigantea|XP_009050923.1	B_glabrata|XP_013090147.1
OG0000052	H_robusta_2	L_gigantea|XP_009054282.1	H_robusta|ESN98670.1
OG0000052	O_bimaculoides_2	L_gigantea|XP_009054282.1	O_bimaculoides|XP_014790391.1
OG0000052	B_glabrata_2	L_gigantea|XP_009054282.1	B_glabrata|XP_013088196.1
OG0000052	A_granulata_2	L_gigantea|XP_009054282.1	A_granulata|model.g28777.t1_1
OG0000052	C_virginica_2	L_gigantea|XP_009054282.1	C_virginica|XP_022345957.1
OG0000052	P_fucata_2	L_gigantea|XP_009054282.1	P_fucata|Pma_10014024
OG0000052	S_constricta_2	L_gigantea|XP_009054282.1	S_constricta|evm.model.ctg101.83
OG0000053	H_robusta_2	L_gigantea|XP_009066668.1	H_robusta|ESO03583.1
OG0000053	O_bimaculoides_2	L_gigantea|XP_009066668.1	O_bimaculoides|XP_014778145.1
OG0000053	B_glabrata_2	L_gigantea|XP_009066668.1	B_glabrata|XP_013067251.1
OG0000053	A_granulata_2	L_gigantea|XP_009066668.1	A_granulata|model.g29911.t1_1
OG0000053	C_virginica_2	L_gigantea|XP_009066668.1	C_virginica|XP_022286161.1
OG0000053	P_fucata_2	L_gigantea|XP_009066668.1	P_fucata|Pma_10029871
OG0000053	S_constricta_2	L_gigantea|XP_009066668.1	S_constricta|evm.model.ctg1651.2
OG0000054	H_robusta_2	L_gigantea|XP_009044613.1	H_robusta|ESO10888.1
OG0000054	A_granulata_2	L_gigantea|XP_009044613.1	A_granulata|model.g1284.t1.1.5d3b82d5_1
OG0000054	C_virginica_2	L_gigantea|XP_009044613.1	C_virginica|XP_022343743.1
OG0000054	P_fucata_2	L_gigantea|XP_009044613.1	P_fucata|Pma_10029064
OG0000054	S_constricta_2	L_gigantea|XP_009044613.1	S_constricta|evm.model.ctg775.15
OG0000054	O_bimaculoides_2	L_gigantea|XP_009044613.1	O_bimaculoides|XP_014779552.1
OG0000054	B_glabrata_2	L_gigantea|XP_009044613.1	B_glabrata|XP_013065711.1
OG0000055	H_robusta_2	L_gigantea|XP_009066700.1	H_robusta|ESN91162.1
OG0000055	S_constricta_2	L_gigantea|XP_009066700.1	S_constricta|evm.model.ctg1149.7
OG0000055	O_bimaculoides_2	L_gigantea|XP_009066700.1	O_bimaculoides|XP_014775648.1
OG0000055	C_virginica_2	L_gigantea|XP_009066700.1	C_virginica|XP_022345421.1
OG0000055	P_fucata_2	L_gigantea|XP_009066700.1	P_fucata|Pma_10017450
OG0000055	A_granulata_2	L_gigantea|XP_009066700.1	A_granulata|model.g2097.t1_1
OG0000055	B_glabrata_2	L_gigantea|XP_009066700.1	B_glabrata|XP_013087945.1
OG0000056	C_virginica_2	L_gigantea|XP_009054866.1	C_virginica|XP_022329200.1
OG0000056	P_fucata_2	L_gigantea|XP_009054866.1	P_fucata|Pma_10015971
OG0000056	O_bimaculoides_2	L_gigantea|XP_009054866.1	O_bimaculoides|XP_014783300.1
OG0000056	S_constricta_2	L_gigantea|XP_009054866.1	S_constricta|evm.model.ctg1239.1
OG0000056	B_glabrata_2	L_gigantea|XP_009054866.1	B_glabrata|XP_013082149.1
OG0000056	A_granulata_2	L_gigantea|XP_009054866.1	A_granulata|model.g89.t1.1.5d3b81fd_1
OG0000056	H_robusta_2	L_gigantea|XP_009054866.1	H_robusta|ESO08731.1
OG0000057	B_glabrata_2	L_gigantea|XP_009047623.1	B_glabrata|XP_013065610.1
OG0000057	O_bimaculoides_2	L_gigantea|XP_009047623.1	O_bimaculoides|XP_014774168.1
OG0000057	A_granulata_2	L_gigantea|XP_009047623.1	A_granulata|model.g763.t1_model.g765.t1_1
OG0000057	H_robusta_2	L_gigantea|XP_009047623.1	H_robusta|ESO06944.1
OG0000057	S_constricta_2	L_gigantea|XP_009047623.1	S_constricta|evm.model.ctg138.11
OG0000057	C_virginica_2	L_gigantea|XP_009047623.1	C_virginica|XP_022288607.1
OG0000057	P_fucata_2	L_gigantea|XP_009047623.1	P_fucata|Pma_10013840
OG0000058	H_robusta_2	L_gigantea|XP_009060107.1	H_robusta|ESO09558.1
OG0000058	O_bimaculoides_2	L_gigantea|XP_009060107.1	O_bimaculoides|XP_014785555.1
OG0000058	A_granulata_2	L_gigantea|XP_009060107.1	A_granulata|model.g4291.t1_1
OG0000058	S_constricta_2	L_gigantea|XP_009060107.1	S_constricta|evm.model.ctg96.49
OG0000058	C_virginica_2	L_gigantea|XP_009060107.1	C_virginica|XP_022317557.1
OG0000058	P_fucata_2	L_gigantea|XP_009060107.1	P_fucata|Pma_10014039
OG0000058	B_glabrata_2	L_gigantea|XP_009060107.1	B_glabrata|XP_013076231.1
OG0000059	B_glabrata_2	L_gigantea|XP_009060271.1	B_glabrata|XP_013083411.1
OG0000059	H_robusta_2	L_gigantea|XP_009060271.1	H_robusta|ESN94151.1
OG0000059	A_granulata_2	L_gigantea|XP_009060271.1	A_granulata|model.g6491.t1.1.5d3b8503_1
OG0000059	O_bimaculoides_2	L_gigantea|XP_009060271.1	O_bimaculoides|XP_014789933.1
OG0000059	C_virginica_2	L_gigantea|XP_009060271.1	C_virginica|XP_022295132.1
OG0000059	P_fucata_2	L_gigantea|XP_009060271.1	P_fucata|Pma_10022791
OG0000059	S_constricta_2	L_gigantea|XP_009060271.1	S_constricta|evm.model.ctg639.2
OG0000060	H_robusta_2	L_gigantea|XP_009056650.1	H_robusta|ESN99626.1
OG0000060	O_bimaculoides_2	L_gigantea|XP_009056650.1	O_bimaculoides|XP_014776694.1
OG0000060	A_granulata_2	L_gigantea|XP_009056650.1	A_granulata|model.g7388.t1_1
OG0000060	S_constricta_2	L_gigantea|XP_009056650.1	S_constricta|evm.model.ctg74.29
OG0000060	C_virginica_2	L_gigantea|XP_009056650.1	C_virginica|XP_022316787.1
OG0000060	P_fucata_2	L_gigantea|XP_009056650.1	P_fucata|Pma_10022841
OG0000060	B_glabrata_2	L_gigantea|XP_009056650.1	B_glabrata|XP_013072764.1
OG0000061	H_robusta_2	L_gigantea|XP_009053673.1	H_robusta|ESO02346.1
OG0000061	S_constricta_2	L_gigantea|XP_009053673.1	S_constricta|evm.model.ctg210.6
OG0000061	A_granulata_2	L_gigantea|XP_009053673.1	A_granulata|model.g7604.t1.1.5d3b84b3_1
OG0000061	C_virginica_2	L_gigantea|XP_009053673.1	C_virginica|XP_022296668.1
OG0000061	P_fucata_2	L_gigantea|XP_009053673.1	P_fucata|Pma_10032223
OG0000061	B_glabrata_2	L_gigantea|XP_009053673.1	B_glabrata|XP_013096882.1
OG0000061	O_bimaculoides_2	L_gigantea|XP_009053673.1	O_bimaculoides|XP_014790210.1
OG0000062	A_granulata_2	L_gigantea|XP_009059459.1	A_granulata|model.g8718.t1.1.5d3b85ae_1
OG0000062	O_bimaculoides_2	L_gigantea|XP_009059459.1	O_bimaculoides|XP_014772987.1
OG0000062	C_virginica_2	L_gigantea|XP_009059459.1	C_virginica|XP_022298945.1
OG0000062	P_fucata_2	L_gigantea|XP_009059459.1	P_fucata|Pma_10006927
OG0000062	B_glabrata_2	L_gigantea|XP_009059459.1	B_glabrata|XP_013065247.1
OG0000062	H_robusta_2	L_gigantea|XP_009059459.1	H_robusta|ESN92353.1
OG0000062	S_constricta_2	L_gigantea|XP_009059459.1	S_constricta|evm.model.ctg230.1
OG0000063	H_robusta_2	L_gigantea|XP_009053421.1	H_robusta|ESN90952.1
OG0000063	S_constricta_2	L_gigantea|XP_009053421.1	S_constricta|evm.model.ctg131.13
OG0000063	A_granulata_2	L_gigantea|XP_009053421.1	A_granulata|model.g7299.t1_1
OG0000063	C_virginica_2	L_gigantea|XP_009053421.1	C_virginica|XP_022313813.1
OG0000063	P_fucata_2	L_gigantea|XP_009053421.1	P_fucata|Pma_10026025
OG0000063	O_bimaculoides_2	L_gigantea|XP_009053421.1	O_bimaculoides|XP_014776218.1
OG0000063	B_glabrata_2	L_gigantea|XP_009053421.1	B_glabrata|XP_013084385.1
OG0000064	H_robusta_2	L_gigantea|XP_009051192.1	H_robusta|ESN94328.1
OG0000064	O_bimaculoides_2	L_gigantea|XP_009051192.1	O_bimaculoides|XP_014783678.1
OG0000064	A_granulata_2	L_gigantea|XP_009051192.1	A_granulata|model.g13274.t1_1
OG0000064	S_constricta_2	L_gigantea|XP_009051192.1	S_constricta|evm.model.ctg1020.4
OG0000064	P_fucata_2	L_gigantea|XP_009051192.1	P_fucata|Pma_10001281
OG0000064	B_glabrata_2	L_gigantea|XP_009051192.1	B_glabrata|XP_013061978.1
OG0000064	C_virginica_2	L_gigantea|XP_009051192.1	C_virginica|XP_022320821.1
OG0000065	A_granulata_2	L_gigantea|XP_009050443.1	A_granulata|model.g17523.t1_1
OG0000065	O_bimaculoides_2	L_gigantea|XP_009050443.1	O_bimaculoides|XP_014772273.1
OG0000065	C_virginica_2	L_gigantea|XP_009050443.1	C_virginica|XP_022340992.1
OG0000065	P_fucata_2	L_gigantea|XP_009050443.1	P_fucata|Pma_10008428
OG0000065	H_robusta_2	L_gigantea|XP_009050443.1	H_robusta|ESO10101.1
OG0000065	S_constricta_2	L_gigantea|XP_009050443.1	S_constricta|evm.model.ctg502.6
OG0000065	B_glabrata_2	L_gigantea|XP_009050443.1	B_glabrata|XP_013084680.1
OG0000066	B_glabrata_2	L_gigantea|XP_009046288.1	B_glabrata|XP_013080185.1
OG0000066	A_granulata_2	L_gigantea|XP_009046288.1	A_granulata|model.g17660.t1_1
OG0000066	O_bimaculoides_2	L_gigantea|XP_009046288.1	O_bimaculoides|XP_014778623.1
OG0000066	P_fucata_2	L_gigantea|XP_009046288.1	P_fucata|Pma_10031684
OG0000066	C_virginica_2	L_gigantea|XP_009046288.1	C_virginica|XP_022332899.1
OG0000066	S_constricta_2	L_gigantea|XP_009046288.1	S_constricta|evm.model.ctg442.45
OG0000066	H_robusta_2	L_gigantea|XP_009046288.1	H_robusta|ESO01061.1
OG0000067	H_robusta_2	L_gigantea|XP_009050729.1	H_robusta|ESN96928.1
OG0000067	O_bimaculoides_2	L_gigantea|XP_009050729.1	O_bimaculoides|XP_014771836.1
OG0000067	S_constricta_2	L_gigantea|XP_009050729.1	S_constricta|evm.model.ctg249.21
OG0000067	A_granulata_2	L_gigantea|XP_009050729.1	A_granulata|model.g20823.t1_1
OG0000067	B_glabrata_2	L_gigantea|XP_009050729.1	B_glabrata|XP_013070700.1
OG0000067	C_virginica_2	L_gigantea|XP_009050729.1	C_virginica|XP_022321982.1
OG0000067	P_fucata_2	L_gigantea|XP_009050729.1	P_fucata|Pma_10022889
OG0000068	A_granulata_2	L_gigantea|XP_009064827.1	A_granulata|model.g29179.t1_1
OG0000068	H_robusta_2	L_gigantea|XP_009064827.1	H_robusta|ESN99588.1
OG0000068	O_bimaculoides_2	L_gigantea|XP_009064827.1	O_bimaculoides|XP_014789121.1
OG0000068	C_virginica_2	L_gigantea|XP_009064827.1	C_virginica|XP_022341053.1
OG0000068	P_fucata_2	L_gigantea|XP_009064827.1	P_fucata|Pma_10017451
OG0000068	S_constricta_2	L_gigantea|XP_009064827.1	S_constricta|evm.model.ctg1547.1
OG0000068	B_glabrata_2	L_gigantea|XP_009064827.1	B_glabrata|XP_013071542.1
OG0000069	A_granulata_2	L_gigantea|XP_009048448.1	A_granulata|model.g31682.t1_1
OG0000069	O_bimaculoides_2	L_gigantea|XP_009048448.1	O_bimaculoides|XP_014772840.1
OG0000069	H_robusta_2	L_gigantea|XP_009048448.1	H_robusta|ESO02510.1
OG0000069	C_virginica_2	L_gigantea|XP_009048448.1	C_virginica|XP_022322535.1
OG0000069	P_fucata_2	L_gigantea|XP_009048448.1	P_fucata|Pma_10015959
OG0000069	S_constricta_2	L_gigantea|XP_009048448.1	S_constricta|evm.model.ctg381.13
OG0000069	B_glabrata_2	L_gigantea|XP_009048448.1	B_glabrata|XP_013063965.1
OG0000070	A_granulata_2	L_gigantea|XP_009063619.1	A_granulata|model.g32000.t1_1
OG0000070	O_bimaculoides_2	L_gigantea|XP_009063619.1	O_bimaculoides|XP_014789614.1
OG0000070	S_constricta_2	L_gigantea|XP_009063619.1	S_constricta|evm.model.ctg367.23
OG0000070	C_virginica_2	L_gigantea|XP_009063619.1	C_virginica|XP_022333852.1
OG0000070	P_fucata_2	L_gigantea|XP_009063619.1	P_fucata|Pma_10013995
OG0000070	B_glabrata_2	L_gigantea|XP_009063619.1	B_glabrata|XP_013067166.1
OG0000070	H_robusta_2	L_gigantea|XP_009063619.1	H_robusta|ESO13213.1
OG0000073	B_glabrata_2	L_gigantea|XP_009053293.1	B_glabrata|XP_013074268.1
