Orthogroup	Species	P_fucata_2	Orthologs
OG0000000	A_granulata_2	P_fucata|Pma_10011348	A_granulata|model.g24978.t1_1
OG0000000	C_virginica_2	P_fucata|Pma_10011348	C_virginica|XP_022320371.1
OG0000000	S_constricta_2	P_fucata|Pma_10011348	S_constricta|evm.model.ctg125.4
OG0000000	O_bimaculoides_2	P_fucata|Pma_10011348	O_bimaculoides|XP_014767873.1
OG0000000	B_glabrata_2	P_fucata|Pma_10011348	B_glabrata|XP_013090931.1
OG0000003	H_robusta_2	P_fucata|Pma_10019567, P_fucata|Pma_10026084, P_fucata|Pma_10016768, P_fucata|Pma_10018667, P_fucata|Pma_10005546, P_fucata|Pma_10010620, P_fucata|Pma_10029768, P_fucata|Pma_10026467, P_fucata|Pma_10026468, P_fucata|Pma_10022917, P_fucata|Pma_10013537, P_fucata|Pma_10006800, P_fucata|Pma_10012388, P_fucata|Pma_10024689, P_fucata|Pma_10024688, P_fucata|Pma_10003317, P_fucata|Pma_231.16, P_fucata|Pma_10014369, P_fucata|Pma_10026952, P_fucata|Pma_10012847, P_fucata|Pma_10031664, P_fucata|Pma_10031663, P_fucata|Pma_10008865, P_fucata|Pma_10004263, P_fucata|Pma_10006091, P_fucata|Pma_10024776, P_fucata|Pma_10024777, P_fucata|Pma_10024778, P_fucata|Pma_10.1359, P_fucata|Pma_10003793, P_fucata|Pma_10004519, P_fucata|Pma_10004520, P_fucata|Pma_145.761, P_fucata|Pma_10002742, P_fucata|Pma_1.232, P_fucata|Pma_201.324, P_fucata|Pma_10007192, P_fucata|Pma_10028043, P_fucata|Pma_10021077, P_fucata|Pma_10001023, P_fucata|Pma_10021076, P_fucata|Pma_453.236, P_fucata|Pma_5.1168, P_fucata|Pma_10012077, P_fucata|Pma_10010621, P_fucata|Pma_10013353, P_fucata|Pma_10027183, P_fucata|Pma_10022603, P_fucata|Pma_328.141, P_fucata|Pma_10002536, P_fucata|Pma_10031633, P_fucata|Pma_10026479, P_fucata|Pma_10018317, P_fucata|Pma_10029981, P_fucata|Pma_10029982, P_fucata|Pma_10014538, P_fucata|Pma_10030213, P_fucata|Pma_424.232, P_fucata|Pma_10029971, P_fucata|Pma_10018092	H_robusta|ESO09122.1
OG0000003	S_constricta_2	P_fucata|Pma_10019567, P_fucata|Pma_10026084, P_fucata|Pma_10016768, P_fucata|Pma_10018667	S_constricta|evm.model.ctg805.3
OG0000003	A_granulata_2	P_fucata|Pma_10019567, P_fucata|Pma_10026084, P_fucata|Pma_10016768, P_fucata|Pma_10018667	A_granulata|model.g26226.t1_1
OG0000003	C_virginica_2	P_fucata|Pma_10016768, P_fucata|Pma_10018667	C_virginica|XP_022337452.1
OG0000003	S_constricta_2	P_fucata|Pma_10005546	S_constricta|evm.model.ctg367.17, S_constricta|evm.model.ctg367.16
OG0000003	C_virginica_2	P_fucata|Pma_10005546	C_virginica|XP_022296188.1, C_virginica|XP_022301452.1
OG0000003	S_constricta_2	P_fucata|Pma_10010620, P_fucata|Pma_10029768, P_fucata|Pma_10026467, P_fucata|Pma_10026468	S_constricta|evm.model.ctg6522.1
OG0000003	C_virginica_2	P_fucata|Pma_10010620, P_fucata|Pma_10029768	C_virginica|XP_022305689.1, C_virginica|XP_022309521.1
OG0000003	C_virginica_2	P_fucata|Pma_10026467, P_fucata|Pma_10026468	C_virginica|XP_022339384.1, C_virginica|XP_022328733.1, C_virginica|XP_022335146.1, C_virginica|XP_022330423.1, C_virginica|XP_022328732.1, C_virginica|XP_022335114.1, C_virginica|XP_022333687.1, C_virginica|XP_022333991.1, C_virginica|XP_022333686.1, C_virginica|XP_022333990.1
OG0000003	A_granulata_2	P_fucata|Pma_10006800	A_granulata|model.g8281.t1_1
OG0000003	A_granulata_2	P_fucata|Pma_10012388, P_fucata|Pma_10024689, P_fucata|Pma_10024688	A_granulata|model.g24679.t1_1
OG0000003	L_gigantea_2	P_fucata|Pma_10012388, P_fucata|Pma_10024689, P_fucata|Pma_10024688	L_gigantea|XP_009058591.1, L_gigantea|XP_009057653.1
OG0000003	S_constricta_2	P_fucata|Pma_10012388, P_fucata|Pma_10024689, P_fucata|Pma_10024688	S_constricta|evm.model.ctg377.32_evm.model.ctg377.31, S_constricta|evm.model.ctg377.30
OG0000003	C_virginica_2	P_fucata|Pma_10003317	C_virginica|XP_022343542.1
OG0000003	S_constricta_2	P_fucata|Pma_10003317	S_constricta|evm.model.ctg88.8
OG0000003	A_granulata_2	P_fucata|Pma_10003317	A_granulata|model.g21540.t1_1
OG0000003	C_virginica_2	P_fucata|Pma_231.16, P_fucata|Pma_10014369, P_fucata|Pma_10026952, P_fucata|Pma_10012847, P_fucata|Pma_10031664, P_fucata|Pma_10031663, P_fucata|Pma_10008865, P_fucata|Pma_10004263, P_fucata|Pma_10006091, P_fucata|Pma_10024776, P_fucata|Pma_10024777, P_fucata|Pma_10024778	C_virginica|XP_022309038.1, C_virginica|XP_022331274.1, C_virginica|XP_022337605.1, C_virginica|XP_022345326.1, C_virginica|XP_022310239.1, C_virginica|XP_022310854.1, C_virginica|XP_022310240.1, C_virginica|XP_022310856.1
OG0000003	L_gigantea_2	P_fucata|Pma_10.1359	L_gigantea|XP_009059572.1, L_gigantea|XP_009053437.1, L_gigantea|XP_009059573.1, L_gigantea|XP_009053435.1, L_gigantea|XP_009053436.1
OG0000003	A_granulata_2	P_fucata|Pma_10.1359	A_granulata|model.g12389.t1.1.5d3b8706_1
OG0000003	S_constricta_2	P_fucata|Pma_10.1359	S_constricta|evm.model.ctg401.21
OG0000003	C_virginica_2	P_fucata|Pma_10.1359	C_virginica|XP_022339391.1
OG0000003	S_constricta_2	P_fucata|Pma_10004519, P_fucata|Pma_10004520, P_fucata|Pma_145.761, P_fucata|Pma_10002742, P_fucata|Pma_1.232, P_fucata|Pma_201.324, P_fucata|Pma_10007192, P_fucata|Pma_10028043, P_fucata|Pma_10021077, P_fucata|Pma_10001023, P_fucata|Pma_10021076, P_fucata|Pma_453.236, P_fucata|Pma_5.1168	S_constricta|evm.model.ctg263.18
OG0000003	C_virginica_2	P_fucata|Pma_10004519, P_fucata|Pma_10004520, P_fucata|Pma_145.761, P_fucata|Pma_10002742, P_fucata|Pma_1.232, P_fucata|Pma_201.324, P_fucata|Pma_10007192, P_fucata|Pma_10028043, P_fucata|Pma_10021077, P_fucata|Pma_10001023, P_fucata|Pma_10021076, P_fucata|Pma_453.236, P_fucata|Pma_5.1168	C_virginica|XP_022332278.1
OG0000003	S_constricta_2	P_fucata|Pma_10012077, P_fucata|Pma_10010621, P_fucata|Pma_10013353, P_fucata|Pma_10027183, P_fucata|Pma_10022603, P_fucata|Pma_328.141, P_fucata|Pma_10002536, P_fucata|Pma_10031633	S_constricta|evm.model.ctg30.44
OG0000003	C_virginica_2	P_fucata|Pma_10012077, P_fucata|Pma_10010621, P_fucata|Pma_10013353, P_fucata|Pma_10027183, P_fucata|Pma_10022603, P_fucata|Pma_328.141, P_fucata|Pma_10002536, P_fucata|Pma_10031633	C_virginica|XP_022344015.1, C_virginica|XP_022344065.1, C_virginica|XP_022335781.1, C_virginica|XP_022343659.1
OG0000003	A_granulata_2	P_fucata|Pma_10026479, P_fucata|Pma_10018317, P_fucata|Pma_10029981, P_fucata|Pma_10029982, P_fucata|Pma_10014538, P_fucata|Pma_10030213, P_fucata|Pma_424.232, P_fucata|Pma_10029971, P_fucata|Pma_10018092	A_granulata|model.g24762.t1_1
OG0000003	S_constricta_2	P_fucata|Pma_10026479, P_fucata|Pma_10018317, P_fucata|Pma_10029981, P_fucata|Pma_10029982, P_fucata|Pma_10014538, P_fucata|Pma_10030213, P_fucata|Pma_424.232, P_fucata|Pma_10029971, P_fucata|Pma_10018092	S_constricta|evm.model.ctg370.15, S_constricta|evm.model.ctg370.16.1, S_constricta|evm.model.ctg370.17.1, S_constricta|evm.model.ctg52.31, S_constricta|evm.model.ctg791.11, S_constricta|evm.model.ctg1599.1, S_constricta|evm.model.ctg791.12, S_constricta|evm.model.ctg3910.2, S_constricta|evm.model.ctg46.3, S_constricta|evm.model.ctg140.28, S_constricta|evm.model.ctg140.29, S_constricta|evm.model.ctg2046.12, S_constricta|evm.model.ctg5546.1, S_constricta|evm.model.ctg2046.11, S_constricta|evm.model.ctg2046.13, S_constricta|evm.model.ctg1840.1, S_constricta|evm.model.ctg140.26, S_constricta|evm.model.ctg2046.10, S_constricta|evm.model.ctg1771.1, S_constricta|evm.model.ctg1977.1, S_constricta|evm.model.ctg1708.1, S_constricta|evm.model.ctg1755.1, S_constricta|evm.model.ctg125.83, S_constricta|evm.model.ctg142.51.1, S_constricta|evm.model.ctg4263.1, S_constricta|evm.model.ctg1804.2
OG0000003	L_gigantea_2	P_fucata|Pma_10026479, P_fucata|Pma_10018317	L_gigantea|XP_009061854.1
OG0000003	C_virginica_2	P_fucata|Pma_10029981, P_fucata|Pma_10029982, P_fucata|Pma_10014538, P_fucata|Pma_10030213	C_virginica|XP_022295727.1, C_virginica|XP_022299926.1, C_virginica|XP_022295699.1, C_virginica|XP_022295728.1
OG0000003	C_virginica_2	P_fucata|Pma_424.232, P_fucata|Pma_10029971, P_fucata|Pma_10018092	C_virginica|XP_022304396.1
OG0000003	B_glabrata_2	P_fucata|Pma_424.232, P_fucata|Pma_10029971, P_fucata|Pma_10018092	B_glabrata|XP_013061439.1
OG0000004	B_glabrata_2	P_fucata|Pma_10025331	B_glabrata|XP_013091058.1
OG0000004	C_virginica_2	P_fucata|Pma_10025331	C_virginica|XP_022305030.1, C_virginica|XP_022307818.1, C_virginica|XP_022309553.1, C_virginica|XP_022305396.1, C_virginica|XP_022305401.1, C_virginica|XP_022305395.1, C_virginica|XP_022305399.1, C_virginica|XP_022309506.1, C_virginica|XP_022305402.1, C_virginica|XP_022307795.1, C_virginica|XP_022304875.1, C_virginica|XP_022304915.1, C_virginica|XP_022307845.1, C_virginica|XP_022310759.1, C_virginica|XP_022303548.1, C_virginica|XP_022303685.1, C_virginica|XP_022304882.1, C_virginica|XP_022307830.1, C_virginica|XP_022303356.1, C_virginica|XP_022303357.1, C_virginica|XP_022309674.1, C_virginica|XP_022304878.1, C_virginica|XP_022307750.1, C_virginica|XP_022307748.1, C_virginica|XP_022307793.1, C_virginica|XP_022304886.1, C_virginica|XP_022308423.1, C_virginica|XP_022338718.1, C_virginica|XP_022310878.1, C_virginica|XP_022304173.1, C_virginica|XP_022307370.1, C_virginica|XP_022306978.1, C_virginica|XP_022326735.1, C_virginica|XP_022303340.1, C_virginica|XP_022303344.1, C_virginica|XP_022307015.1, C_virginica|XP_022290176.1, C_virginica|XP_022306990.1, C_virginica|XP_022303346.1, C_virginica|XP_022303537.1, C_virginica|XP_022311697.1, C_virginica|XP_022311693.1, C_virginica|XP_022311848.1, C_virginica|XP_022312694.1, C_virginica|XP_022303619.1, C_virginica|XP_022301088.1, C_virginica|XP_022300903.1, C_virginica|XP_022310960.1, C_virginica|XP_022311843.1, C_virginica|XP_022304174.1, C_virginica|XP_022303488.1, C_virginica|XP_022306996.1, C_virginica|XP_022306937.1, C_virginica|XP_022306955.1, C_virginica|XP_022305756.1, C_virginica|XP_022307862.1, C_virginica|XP_022304367.1, C_virginica|XP_022307874.1, C_virginica|XP_022305386.1, C_virginica|XP_022305752.1, C_virginica|XP_022305387.1, C_virginica|XP_022305382.1, C_virginica|XP_022305737.1, C_virginica|XP_022305742.1, C_virginica|XP_022305748.1, C_virginica|XP_022309955.1, C_virginica|XP_022305738.1, C_virginica|XP_022306484.1, C_virginica|XP_022307879.1, C_virginica|XP_022307866.1, C_virginica|XP_022307837.1, C_virginica|XP_022305760.1, C_virginica|XP_022305088.1, C_virginica|XP_022305732.1, C_virginica|XP_022305385.1, C_virginica|XP_022309507.1, C_virginica|XP_022307841.1, C_virginica|XP_022303550.1, C_virginica|XP_022307870.1, C_virginica|XP_022307883.1, C_virginica|XP_022307844.1, C_virginica|XP_022305729.1, C_virginica|XP_022305735.1, C_virginica|XP_022304592.1, C_virginica|XP_022304600.1, C_virginica|XP_022306488.1, C_virginica|XP_022304591.1, C_virginica|XP_022304917.1, C_virginica|XP_022307884.1, C_virginica|XP_022309926.1, C_virginica|XP_022304589.1, C_virginica|XP_022310709.1, C_virginica|XP_022306485.1, C_virginica|XP_022305080.1, C_virginica|XP_022305741.1, C_virginica|XP_022305757.1, C_virginica|XP_022308373.1, C_virginica|XP_022307871.1, C_virginica|XP_022307835.1
OG0000004	C_virginica_2	P_fucata|Pma_10021546	C_virginica|XP_022306864.1, C_virginica|XP_022307682.1, C_virginica|XP_022309512.1, C_virginica|XP_022309842.1, C_virginica|XP_022292876.1, C_virginica|XP_022308432.1, C_virginica|XP_022306863.1, C_virginica|XP_022307426.1, C_virginica|XP_022307677.1, C_virginica|XP_022307962.1, C_virginica|XP_022290581.1, C_virginica|XP_022307702.1, C_virginica|XP_022308442.1, C_virginica|XP_022307726.1, C_virginica|XP_022305270.1, C_virginica|XP_022307760.1, C_virginica|XP_022307060.1, C_virginica|XP_022308515.1, C_virginica|XP_022309687.1, C_virginica|XP_022309653.1, C_virginica|XP_022307062.1, C_virginica|XP_022307742.1, C_virginica|XP_022306155.1, C_virginica|XP_022303399.1, C_virginica|XP_022307722.1, C_virginica|XP_022307769.1, C_virginica|XP_022310311.1, C_virginica|XP_022306746.1, C_virginica|XP_022307761.1, C_virginica|XP_022307885.1, C_virginica|XP_022309673.1, C_virginica|XP_022307756.1, C_virginica|XP_022309374.1, C_virginica|XP_022308427.1, C_virginica|XP_022306748.1, C_virginica|XP_022309678.1, C_virginica|XP_022306229.1, C_virginica|XP_022288791.1, C_virginica|XP_022309677.1, C_virginica|XP_022307728.1, C_virginica|XP_022307729.1, C_virginica|XP_022286717.1, C_virginica|XP_022290620.1, C_virginica|XP_022286479.1, C_virginica|XP_022288574.1, C_virginica|XP_022287415.1, C_virginica|XP_022289418.1, C_virginica|XP_022289654.1, C_virginica|XP_022289715.1, C_virginica|XP_022289949.1, C_virginica|XP_022289447.1, C_virginica|XP_022289967.1, C_virginica|XP_022289938.1, C_virginica|XP_022290649.1, C_virginica|XP_022289727.1, C_virginica|XP_022297668.1, C_virginica|XP_022287464.1, C_virginica|XP_022290289.1, C_virginica|XP_022289935.1, C_virginica|XP_022289706.1, C_virginica|XP_022305518.1, C_virginica|XP_022306742.1, C_virginica|XP_022309654.1, C_virginica|XP_022309655.1, C_virginica|XP_022307732.1, C_virginica|XP_022294925.1, C_virginica|XP_022307839.1, C_virginica|XP_022307877.1
OG0000004	B_glabrata_2	P_fucata|Pma_10021546	B_glabrata|XP_013086610.1, B_glabrata|XP_013089298.1, B_glabrata|XP_013062440.1, B_glabrata|XP_013093169.1
OG0000004	L_gigantea_2	P_fucata|Pma_10021546	L_gigantea|XP_009061714.1, L_gigantea|XP_009061776.1, L_gigantea|XP_009061781.1
OG0000006	A_granulata_2	P_fucata|Pma_10002083	A_granulata|evm.model.Super-Scaffold_100019.10_1, A_granulata|evm.model.Super-Scaffold_100018.99_1, A_granulata|evm.model.Super-Scaffold_100059.43_1, A_granulata|evm.model.Super-Scaffold_100002.1619_1, A_granulata|evm.model.Super-Scaffold_505.2151_1, A_granulata|model.g5371.t1_1, A_granulata|model.g26917.t1_1, A_granulata|evm.model.Super-Scaffold_100019.365_1, A_granulata|evm.model.Super-Scaffold_100033.110_1, A_granulata|evm.model.Super-Scaffold_100019.47_1, A_granulata|evm.model.Super-Scaffold_100011.940_1, A_granulata|model.g15406.t1_1, A_granulata|evm.model.Super-Scaffold_100015.682_1, A_granulata|evm.model.Super-Scaffold_100018.82_1, A_granulata|evm.model.Super-Scaffold_505.2186_1, A_granulata|evm.model.Super-Scaffold_100003.1045_1, A_granulata|evm.model.Super-Scaffold_100020.285_1, A_granulata|evm.model.Super-Scaffold_100017.102_1, A_granulata|evm.model.Super-Scaffold_100008.70_1, A_granulata|evm.model.Super-Scaffold_6845.209_1, A_granulata|evm.model.Super-Scaffold_100005.467_1, A_granulata|evm.model.Super-Scaffold_100003.479_1, A_granulata|evm.model.Super-Scaffold_100029.49_1, A_granulata|evm.model.Super-Scaffold_100018.403_1, A_granulata|evm.model.Super-Scaffold_100003.9_1, A_granulata|evm.model.Super-Scaffold_100016.318_1, A_granulata|evm.model.Super-Scaffold_100018.71_1, A_granulata|evm.model.Super-Scaffold_100018.55_1, A_granulata|evm.model.Super-Scaffold_100009.812_1, A_granulata|evm.model.Super-Scaffold_100004.1225_1, A_granulata|evm.model.Super-Scaffold_100010.504_1, A_granulata|evm.model.Super-Scaffold_100003.1227_1, A_granulata|evm.model.Super-Scaffold_100011.9_1, A_granulata|evm.model.Super-Scaffold_100018.418_1, A_granulata|evm.model.Super-Scaffold_100002.1953_1, A_granulata|evm.model.Super-Scaffold_100006.260_1, A_granulata|evm.model.Super-Scaffold_100008.854_1, A_granulata|evm.model.Super-Scaffold_100013.273_1, A_granulata|evm.model.Super-Scaffold_100003.581_1, A_granulata|evm.model.Super-Scaffold_505.1008_1, A_granulata|evm.model.Super-Scaffold_100007.501_1, A_granulata|evm.model.Super-Scaffold_100019.4_1, A_granulata|evm.model.Super-Scaffold_100015.621_1, A_granulata|evm.model.Super-Scaffold_100018.479_1, A_granulata|evm.model.Super-Scaffold_100013.490_1, A_granulata|evm.model.Super-Scaffold_100016.180_1, A_granulata|model.g26257.t1_1, A_granulata|evm.model.Super-Scaffold_100003.478_1, A_granulata|evm.model.Super-Scaffold_100005.137_1, A_granulata|evm.model.Super-Scaffold_100005.473_1, A_granulata|evm.model.Super-Scaffold_100005.1041_1, A_granulata|evm.model.Super-Scaffold_100002.55_1, A_granulata|evm.model.Super-Scaffold_100005.869_1, A_granulata|evm.model.Super-Scaffold_100002.162_1, A_granulata|evm.model.Super-Scaffold_100023.260_1, A_granulata|model.g22320.t1_1, A_granulata|model.g18176.t1_1, A_granulata|model.g8844.t1_1, A_granulata|evm.model.Super-Scaffold_505.890_1, A_granulata|evm.model.Super-Scaffold_100007.674_1, A_granulata|evm.model.Super-Scaffold_100008.811_1, A_granulata|evm.model.Super-Scaffold_100025.67_1, A_granulata|evm.model.Super-Scaffold_100006.1011_1, A_granulata|evm.model.Super-Scaffold_100007.57_1, A_granulata|evm.model.Super-Scaffold_100006.1089_1, A_granulata|evm.model.Super-Scaffold_100008.157_1, A_granulata|evm.model.Super-Scaffold_100011.821_1, A_granulata|evm.model.Super-Scaffold_100004.71_1, A_granulata|evm.model.Super-Scaffold_100008.439_1, A_granulata|evm.model.Super-Scaffold_100004.37_1, A_granulata|evm.model.Super-Scaffold_100004.474_1, A_granulata|evm.model.Super-Scaffold_100002.1950_1, A_granulata|model.g5787.t1_1, A_granulata|evm.model.Super-Scaffold_100022.359_1, A_granulata|evm.model.Super-Scaffold_100008.401_1, A_granulata|evm.model.Super-Scaffold_100004.981_1, A_granulata|evm.model.Super-Scaffold_100019.53_1, A_granulata|model.g3623.t1_1, A_granulata|evm.model.Super-Scaffold_505.2013_1, A_granulata|model.g11490.t1_1, A_granulata|evm.model.Super-Scaffold_100018.471_1, A_granulata|evm.model.Super-Scaffold_100009.793_1, A_granulata|evm.model.Super-Scaffold_100018.142_1, A_granulata|evm.model.Super-Scaffold_505.129_1, A_granulata|evm.model.Super-Scaffold_100002.433_1, A_granulata|evm.model.Super-Scaffold_100018.43_1, A_granulata|evm.model.Super-Scaffold_100003.1107_1, A_granulata|evm.model.Super-Scaffold_505.1857_1, A_granulata|evm.model.Super-Scaffold_100017.164_1, A_granulata|model.g26187.t1_1, A_granulata|evm.model.Super-Scaffold_100004.83_1, A_granulata|model.g2640.t1_1, A_granulata|evm.model.Super-Scaffold_100007.202_1, A_granulata|evm.model.Super-Scaffold_100006.517_1, A_granulata|evm.model.Super-Scaffold_505.2092_1, A_granulata|evm.model.Super-Scaffold_100026.18_1, A_granulata|evm.model.Super-Scaffold_100007.614_1, A_granulata|evm.model.Super-Scaffold_505.2154_1, A_granulata|evm.model.Super-Scaffold_100018.134_1, A_granulata|model.g5630.t1_1, A_granulata|evm.model.Super-Scaffold_100006.1008_1, A_granulata|evm.model.Super-Scaffold_100002.547_1, A_granulata|model.g425.t1_1, A_granulata|evm.model.Super-Scaffold_100009.797_1, A_granulata|model.g23985.t1_1, A_granulata|evm.model.Super-Scaffold_505.2149_1, A_granulata|evm.model.Super-Scaffold_100002.1811_1, A_granulata|evm.model.Super-Scaffold_100007.618_1, A_granulata|evm.model.Super-Scaffold_100026.204_1, A_granulata|evm.model.Super-Scaffold_100010.13_1, A_granulata|evm.model.Super-Scaffold_100015.160_1, A_granulata|evm.model.Super-Scaffold_100010.753_1, A_granulata|evm.model.Super-Scaffold_100011.732_1, A_granulata|evm.model.Super-Scaffold_505.1995_1, A_granulata|evm.model.Super-Scaffold_100010.727_1, A_granulata|evm.model.Super-Scaffold_100018.42_1, A_granulata|evm.model.Super-Scaffold_100004.1289_1, A_granulata|evm.model.Super-Scaffold_100008.823_1, A_granulata|evm.model.Super-Scaffold_100033.81_1, A_granulata|evm.model.Super-Scaffold_100018.284_1, A_granulata|evm.model.Super-Scaffold_100007.58_1, A_granulata|evm.model.Super-Scaffold_100018.57_1, A_granulata|model.g13670.t1_1, A_granulata|model.g2460.t1_1, A_granulata|evm.model.Super-Scaffold_100002.278_1, A_granulata|model.g26937.t1_1, A_granulata|evm.model.Super-Scaffold_100012.701_1, A_granulata|evm.model.Super-Scaffold_505.70_1, A_granulata|model.g26966.t1_1, A_granulata|evm.model.Super-Scaffold_6845.204_1, A_granulata|evm.model.Super-Scaffold_100006.622_1, A_granulata|evm.model.Super-Scaffold_100004.70_1, A_granulata|evm.model.Super-Scaffold_100019.356_1, A_granulata|evm.model.Super-Scaffold_100011.603_1, A_granulata|model.g12005.t1_1, A_granulata|evm.model.Super-Scaffold_100015.665_1, A_granulata|evm.model.Super-Scaffold_100021.413_1, A_granulata|model.g9850.t1_1, A_granulata|model.g14027.t1_1, A_granulata|evm.model.Super-Scaffold_100019.5_1, A_granulata|model.g11643.t1_1, A_granulata|evm.model.Super-Scaffold_100006.96_1, A_granulata|evm.model.Super-Scaffold_505.1159_1, A_granulata|evm.model.Super-Scaffold_100003.419_1, A_granulata|evm.model.Super-Scaffold_100021.317_1, A_granulata|evm.model.Super-Scaffold_100007.56_1, A_granulata|evm.model.Super-Scaffold_100021.214_1, A_granulata|evm.model.Super-Scaffold_100003.1895_1, A_granulata|evm.model.Super-Scaffold_100006.448_1, A_granulata|evm.model.Super-Scaffold_100006.1061_1, A_granulata|model.g1688.t1_1, A_granulata|evm.model.Super-Scaffold_100006.1260_1, A_granulata|evm.model.Super-Scaffold_100005.1219_1
OG0000007	A_granulata_2	P_fucata|Pma_10017847	A_granulata|model.g6273.t1_1, A_granulata|model.g6272.t1_1
OG0000007	H_robusta_2	P_fucata|Pma_10017847	H_robusta|ESN93723.1
OG0000007	L_gigantea_2	P_fucata|Pma_10017847	L_gigantea|XP_009046443.1, L_gigantea|XP_009046442.1
OG0000007	S_constricta_2	P_fucata|Pma_10017847	S_constricta|evm.model.ctg436.5
OG0000007	C_virginica_2	P_fucata|Pma_10017847	C_virginica|XP_022308431.1
OG0000007	H_robusta_2	P_fucata|Pma_10010607, P_fucata|Pma_532.177	H_robusta|ESO04500.1
OG0000007	S_constricta_2	P_fucata|Pma_10010607, P_fucata|Pma_532.177	S_constricta|evm.model.ctg412.18
OG0000007	A_granulata_2	P_fucata|Pma_10010607, P_fucata|Pma_532.177	A_granulata|evm.model.Super-Scaffold_100004.707_1
OG0000007	L_gigantea_2	P_fucata|Pma_10010607, P_fucata|Pma_532.177	L_gigantea|XP_009046440.1
OG0000007	B_glabrata_2	P_fucata|Pma_10010607, P_fucata|Pma_532.177	B_glabrata|XP_013075772.1
OG0000007	C_virginica_2	P_fucata|Pma_10010607, P_fucata|Pma_532.177	C_virginica|XP_022307961.1
OG0000007	B_glabrata_2	P_fucata|Pma_10023862	B_glabrata|XP_013082066.1
OG0000007	H_robusta_2	P_fucata|Pma_10023862	H_robusta|ESO04949.1
OG0000007	A_granulata_2	P_fucata|Pma_10023862	A_granulata|evm.model.Super-Scaffold_100009.926_1
OG0000007	H_robusta_2	P_fucata|Pma_10001157	H_robusta|ESO09755.1
OG0000007	O_bimaculoides_2	P_fucata|Pma_10001157	O_bimaculoides|XP_014780359.1
OG0000007	B_glabrata_2	P_fucata|Pma_10001157	B_glabrata|XP_013079326.1
OG0000007	A_granulata_2	P_fucata|Pma_10001157	A_granulata|evm.model.Super-Scaffold_100004.411_1
OG0000007	S_constricta_2	P_fucata|Pma_10001157	S_constricta|evm.model.ctg380.19
OG0000007	C_virginica_2	P_fucata|Pma_10001157	C_virginica|XP_022316903.1
OG0000007	S_constricta_2	P_fucata|Pma_10004348, P_fucata|Pma_10009355	S_constricta|evm.model.ctg436.7
OG0000007	A_granulata_2	P_fucata|Pma_10004348, P_fucata|Pma_10009355	A_granulata|model.g6275.t1_1
OG0000007	B_glabrata_2	P_fucata|Pma_10004348	B_glabrata|XP_013085966.1
OG0000007	B_glabrata_2	P_fucata|Pma_10009355	B_glabrata|XP_013073864.1
OG0000007	L_gigantea_2	P_fucata|Pma_10009355	L_gigantea|XP_009046446.1
OG0000007	H_robusta_2	P_fucata|Pma_10023863	H_robusta|ESO01742.1
OG0000007	C_virginica_2	P_fucata|Pma_10023863	C_virginica|XP_022326937.1
OG0000007	L_gigantea_2	P_fucata|Pma_10023863	L_gigantea|XP_009065435.1
OG0000007	O_bimaculoides_2	P_fucata|Pma_10023863	O_bimaculoides|XP_014780502.1
OG0000007	A_granulata_2	P_fucata|Pma_10023863	A_granulata|model.g13936.t1_1
OG0000007	B_glabrata_2	P_fucata|Pma_10023863	B_glabrata|XP_013081957.1
OG0000007	S_constricta_2	P_fucata|Pma_10023863	S_constricta|evm.model.ctg306.3
OG0000007	L_gigantea_2	P_fucata|Pma_10030419	L_gigantea|XP_009046439.1
OG0000007	S_constricta_2	P_fucata|Pma_10030419	S_constricta|evm.model.ctg412.17
OG0000007	C_virginica_2	P_fucata|Pma_10030419	C_virginica|XP_022292027.1
OG0000007	L_gigantea_2	P_fucata|Pma_10006875, P_fucata|Pma_207.322	L_gigantea|XP_009046438.1
OG0000007	C_virginica_2	P_fucata|Pma_10006875, P_fucata|Pma_207.322	C_virginica|XP_022289925.1
OG0000007	H_robusta_2	P_fucata|Pma_10023861, P_fucata|Pma_10007466, P_fucata|Pma_10016649	H_robusta|ESN95559.1
OG0000007	O_bimaculoides_2	P_fucata|Pma_10023861, P_fucata|Pma_10007466, P_fucata|Pma_10016649	O_bimaculoides|XP_014769873.1
OG0000007	B_glabrata_2	P_fucata|Pma_10023861, P_fucata|Pma_10007466, P_fucata|Pma_10016649	B_glabrata|XP_013082062.1
OG0000007	A_granulata_2	P_fucata|Pma_10023861, P_fucata|Pma_10007466, P_fucata|Pma_10016649	A_granulata|model.g13938.t1_1
OG0000007	S_constricta_2	P_fucata|Pma_10023861, P_fucata|Pma_10007466, P_fucata|Pma_10016649	S_constricta|evm.model.ctg306.4
OG0000007	L_gigantea_2	P_fucata|Pma_10023861, P_fucata|Pma_10007466, P_fucata|Pma_10016649	L_gigantea|XP_009065436.1
OG0000007	C_virginica_2	P_fucata|Pma_10023861, P_fucata|Pma_10007466, P_fucata|Pma_10016649	C_virginica|XP_022328330.1
OG0000007	O_bimaculoides_2	P_fucata|Pma_10016536	O_bimaculoides|XP_014767862.1
OG0000007	C_virginica_2	P_fucata|Pma_10016536	C_virginica|XP_022324615.1
OG0000007	A_granulata_2	P_fucata|Pma_10016536	A_granulata|model.g5761.t1_1
OG0000007	B_glabrata_2	P_fucata|Pma_10016536	B_glabrata|XP_013063618.1
OG0000007	L_gigantea_2	P_fucata|Pma_10016536	L_gigantea|XP_009046479.1
OG0000007	H_robusta_2	P_fucata|Pma_10016536	H_robusta|ESO01497.1
OG0000007	B_glabrata_2	P_fucata|Pma_10032672, P_fucata|Pma_10027249	B_glabrata|XP_013094229.1
OG0000007	H_robusta_2	P_fucata|Pma_10032672	H_robusta|ESN90430.1
OG0000007	S_constricta_2	P_fucata|Pma_10027249	S_constricta|evm.model.ctg562.15
OG0000007	H_robusta_2	P_fucata|Pma_10027249	H_robusta|ESN99512.1
OG0000007	L_gigantea_2	P_fucata|Pma_10027249	L_gigantea|XP_009065931.1, L_gigantea|XP_009065930.1
OG0000007	A_granulata_2	P_fucata|Pma_10027249	A_granulata|evm.model.Super-Scaffold_100006.1323_1
OG0000007	C_virginica_2	P_fucata|Pma_10027249	C_virginica|XP_022320319.1, C_virginica|XP_022320653.1
OG0000007	H_robusta_2	P_fucata|Pma_10017849	H_robusta|ESN93724.1, H_robusta|ESO04948.1
OG0000007	A_granulata_2	P_fucata|Pma_10017849	A_granulata|model.g6270.t1.2.5d3b84cf_1
OG0000007	L_gigantea_2	P_fucata|Pma_10017849	L_gigantea|XP_009046441.1
OG0000007	C_virginica_2	P_fucata|Pma_10017849	C_virginica|XP_022340779.1
OG0000007	H_robusta_2	P_fucata|Pma_10008710	H_robusta|ESO07165.1
OG0000007	L_gigantea_2	P_fucata|Pma_10008710	L_gigantea|XP_009046445.1
OG0000007	B_glabrata_2	P_fucata|Pma_10008710	B_glabrata|XP_013086911.1, B_glabrata|XP_013093880.1
OG0000007	O_bimaculoides_2	P_fucata|Pma_10008710	O_bimaculoides|XP_014781016.1
OG0000007	S_constricta_2	P_fucata|Pma_10008710	S_constricta|evm.model.ctg436.1
OG0000007	C_virginica_2	P_fucata|Pma_10008710	C_virginica|XP_022309837.1
OG0000008	C_virginica_2	P_fucata|Pma_10018523, P_fucata|Pma_10032670, P_fucata|Pma_10013104, P_fucata|Pma_10009170	C_virginica|XP_022336556.1
OG0000008	C_virginica_2	P_fucata|Pma_10010336, P_fucata|Pma_10001272, P_fucata|Pma_10015719, P_fucata|Pma_10014823, P_fucata|Pma_10027590, P_fucata|Pma_10025225, P_fucata|Pma_10012813, P_fucata|Pma_10014442, P_fucata|Pma_10018762, P_fucata|Pma_10002973, P_fucata|Pma_10020755, P_fucata|Pma_10026499, P_fucata|Pma_137.648, P_fucata|Pma_10025202, P_fucata|Pma_10024277, P_fucata|Pma_10005812, P_fucata|Pma_10017267, P_fucata|Pma_10021364, P_fucata|Pma_10012983, P_fucata|Pma_10031891, P_fucata|Pma_10005503, P_fucata|Pma_10014461, P_fucata|Pma_10011701, P_fucata|Pma_10006710, P_fucata|Pma_10016756, P_fucata|Pma_10021257, P_fucata|Pma_10016596, P_fucata|Pma_10018764, P_fucata|Pma_10026204, P_fucata|Pma_10031329, P_fucata|Pma_10017760, P_fucata|Pma_10011400, P_fucata|Pma_10001395, P_fucata|Pma_125.33, P_fucata|Pma_10025742, P_fucata|Pma_10018689, P_fucata|Pma_10010065, P_fucata|Pma_10021487, P_fucata|Pma_10024322, P_fucata|Pma_10015213, P_fucata|Pma_10015220, P_fucata|Pma_10023717, P_fucata|Pma_10007564, P_fucata|Pma_10014641, P_fucata|Pma_10016550, P_fucata|Pma_10017727, P_fucata|Pma_10002741, P_fucata|Pma_10013457, P_fucata|Pma_10018460, P_fucata|Pma_10010358, P_fucata|Pma_10025714, P_fucata|Pma_10010850, P_fucata|Pma_10029566, P_fucata|Pma_10002023, P_fucata|Pma_10021130, P_fucata|Pma_10028024, P_fucata|Pma_10013957, P_fucata|Pma_10032283, P_fucata|Pma_10016205, P_fucata|Pma_10014031, P_fucata|Pma_10031879, P_fucata|Pma_10005046, P_fucata|Pma_10029961, P_fucata|Pma_10000932, P_fucata|Pma_10027521, P_fucata|Pma_10014274, P_fucata|Pma_10011413, P_fucata|Pma_10032441, P_fucata|Pma_10026145, P_fucata|Pma_10028195, P_fucata|Pma_10026194, P_fucata|Pma_10000381, P_fucata|Pma_10028243, P_fucata|Pma_10010252, P_fucata|Pma_10018601, P_fucata|Pma_10025403, P_fucata|Pma_10005838, P_fucata|Pma_10030000, P_fucata|Pma_10017036, P_fucata|Pma_10005415, P_fucata|Pma_10029625, P_fucata|Pma_10022931, P_fucata|Pma_10021465, P_fucata|Pma_10012601, P_fucata|Pma_10012164, P_fucata|Pma_10009788, P_fucata|Pma_10006437, P_fucata|Pma_10016906, P_fucata|Pma_10011621, P_fucata|Pma_10018782, P_fucata|Pma_10022527, P_fucata|Pma_10026497, P_fucata|Pma_10029621, P_fucata|Pma_10032536, P_fucata|Pma_10028987, P_fucata|Pma_10002834, P_fucata|Pma_10015948, P_fucata|Pma_10001198, P_fucata|Pma_10027002, P_fucata|Pma_10023276, P_fucata|Pma_10027927, P_fucata|Pma_10030532, P_fucata|Pma_10020872, P_fucata|Pma_10028861, P_fucata|Pma_10030056, P_fucata|Pma_10014331, P_fucata|Pma_10029267, P_fucata|Pma_10023630, P_fucata|Pma_10022256, P_fucata|Pma_10009288, P_fucata|Pma_10009276, P_fucata|Pma_10021591	C_virginica|XP_022328162.1
OG0000009	H_robusta_2	P_fucata|Pma_10032418	H_robusta|ESO12556.1
OG0000009	A_granulata_2	P_fucata|Pma_10032418	A_granulata|evm.model.Super-Scaffold_100012.506_1
OG0000009	B_glabrata_2	P_fucata|Pma_10032418	B_glabrata|XP_013076273.1
OG0000009	L_gigantea_2	P_fucata|Pma_10032418	L_gigantea|XP_009044518.1
OG0000009	O_bimaculoides_2	P_fucata|Pma_10032418	O_bimaculoides|XP_014769217.1
OG0000009	C_virginica_2	P_fucata|Pma_10032418	C_virginica|XP_022335688.1
OG0000009	A_granulata_2	P_fucata|Pma_10006517	A_granulata|evm.model.Super-Scaffold_100004.157_1
OG0000009	L_gigantea_2	P_fucata|Pma_10006517	L_gigantea|XP_009055766.1, L_gigantea|XP_009064105.1
OG0000009	S_constricta_2	P_fucata|Pma_10006517	S_constricta|evm.model.ctg76.11
OG0000009	C_virginica_2	P_fucata|Pma_10006517	C_virginica|XP_022316864.1
OG0000009	B_glabrata_2	P_fucata|Pma_10025848, P_fucata|Pma_10012721	B_glabrata|XP_013074409.1
OG0000009	L_gigantea_2	P_fucata|Pma_10025848, P_fucata|Pma_10012721	L_gigantea|XP_009051792.1
OG0000009	O_bimaculoides_2	P_fucata|Pma_10025848, P_fucata|Pma_10012721	O_bimaculoides|XP_014782742.1
OG0000009	S_constricta_2	P_fucata|Pma_10025848, P_fucata|Pma_10012721	S_constricta|evm.model.ctg67.88
OG0000009	H_robusta_2	P_fucata|Pma_10011588	H_robusta|ESN95234.1
OG0000009	C_virginica_2	P_fucata|Pma_10011588	C_virginica|XP_022308211.1
OG0000009	S_constricta_2	P_fucata|Pma_10011588	S_constricta|evm.model.ctg1628.1, S_constricta|evm.model.ctg6192.1, S_constricta|evm.model.ctg1696.4
OG0000009	L_gigantea_2	P_fucata|Pma_10011588	L_gigantea|XP_009046723.1, L_gigantea|XP_009058115.1
OG0000009	B_glabrata_2	P_fucata|Pma_10011588	B_glabrata|XP_013080003.1, B_glabrata|XP_013094576.1, B_glabrata|XP_013063268.1
OG0000009	C_virginica_2	P_fucata|Pma_2.186	C_virginica|XP_022336489.1
OG0000009	O_bimaculoides_2	P_fucata|Pma_10020874	O_bimaculoides|XP_014790175.1
OG0000009	B_glabrata_2	P_fucata|Pma_10020874	B_glabrata|XP_013064161.1, B_glabrata|XP_013093678.1, B_glabrata|XP_013091514.1
OG0000009	S_constricta_2	P_fucata|Pma_10020874	S_constricta|evm.model.ctg4423.1, S_constricta|evm.model.ctg300.11
OG0000009	A_granulata_2	P_fucata|Pma_10021751	A_granulata|evm.model.Super-Scaffold_100013.618_1
OG0000009	L_gigantea_2	P_fucata|Pma_10021751	L_gigantea|XP_009044627.1
OG0000009	S_constricta_2	P_fucata|Pma_10021751	S_constricta|evm.model.ctg138.15, S_constricta|evm.model.ctg885.2
OG0000009	C_virginica_2	P_fucata|Pma_10021751	C_virginica|XP_022299766.1
OG0000009	A_granulata_2	P_fucata|Pma_10028191	A_granulata|evm.model.Super-Scaffold_505.825_1
OG0000009	L_gigantea_2	P_fucata|Pma_10028191	L_gigantea|XP_009057810.1
OG0000009	C_virginica_2	P_fucata|Pma_10028191	C_virginica|XP_022335661.1
OG0000009	H_robusta_2	P_fucata|Pma_10012832	H_robusta|ESO05234.1, H_robusta|ESN99757.1
OG0000009	A_granulata_2	P_fucata|Pma_10012832	A_granulata|evm.model.Super-Scaffold_505.1121_1, A_granulata|evm.model.Super-Scaffold_100006.676_1, A_granulata|evm.model.Super-Scaffold_505.1606_1
OG0000009	S_constricta_2	P_fucata|Pma_10012832	S_constricta|evm.model.ctg923.6
OG0000009	B_glabrata_2	P_fucata|Pma_10012832	B_glabrata|XP_013063303.1
OG0000009	L_gigantea_2	P_fucata|Pma_10012832	L_gigantea|XP_009053527.1
OG0000009	A_granulata_2	P_fucata|Pma_325.96	A_granulata|evm.model.Super-Scaffold_100006.1281_1, A_granulata|model.g14402.t1_1
OG0000009	H_robusta_2	P_fucata|Pma_325.96	H_robusta|ESO05551.1, H_robusta|ESO05549.1, H_robusta|ESO05547.1, H_robusta|ESO05561.1, H_robusta|ESO05580.1, H_robusta|ESO05560.1, H_robusta|ESO05555.1, H_robusta|ESO05548.1, H_robusta|ESN96742.1, H_robusta|ESN96743.1, H_robusta|ESO05658.1, H_robusta|ESO05557.1, H_robusta|ESO05562.1, H_robusta|ESO05579.1, H_robusta|ESO05553.1, H_robusta|ESO05565.1, H_robusta|ESN90439.1, H_robusta|ESN93770.1
OG0000009	O_bimaculoides_2	P_fucata|Pma_325.96	O_bimaculoides|XP_014768598.1, O_bimaculoides|XP_014771819.1
OG0000009	B_glabrata_2	P_fucata|Pma_325.96	B_glabrata|XP_013071348.1
OG0000009	C_virginica_2	P_fucata|Pma_325.96	C_virginica|XP_022338373.1, C_virginica|XP_022338900.1
OG0000011	C_virginica_2	P_fucata|Pma_10023646, P_fucata|Pma_10011539, P_fucata|Pma_10019860, P_fucata|Pma_55.139	C_virginica|XP_022340848.1
OG0000011	L_gigantea_2	P_fucata|Pma_10023646	L_gigantea|XP_009053022.1
OG0000011	B_glabrata_2	P_fucata|Pma_10023646	B_glabrata|XP_013083200.1
OG0000011	A_granulata_2	P_fucata|Pma_10023646	A_granulata|model.g14860.t1_1
OG0000011	O_bimaculoides_2	P_fucata|Pma_10023646	O_bimaculoides|XP_014785327.1
OG0000011	H_robusta_2	P_fucata|Pma_10023646	H_robusta|ESN93667.1
OG0000011	S_constricta_2	P_fucata|Pma_10023646	S_constricta|evm.model.ctg366.24
OG0000011	B_glabrata_2	P_fucata|Pma_10011539	B_glabrata|XP_013092586.1
OG0000011	H_robusta_2	P_fucata|Pma_10011539	H_robusta|ESO04681.1
OG0000011	S_constricta_2	P_fucata|Pma_10011539	S_constricta|evm.model.ctg1173.5, S_constricta|evm.model.ctg1892.2, S_constricta|evm.model.ctg1801.2, S_constricta|evm.model.ctg1611.2
OG0000011	S_constricta_2	P_fucata|Pma_10019860, P_fucata|Pma_55.139	S_constricta|evm.model.ctg103.60
OG0000013	C_virginica_2	P_fucata|Pma_108.798, P_fucata|Pma_10011085, P_fucata|Pma_10011366	C_virginica|XP_022334804.1, C_virginica|XP_022306357.1, C_virginica|XP_022311594.1, C_virginica|XP_022306358.1, C_virginica|XP_022312453.1, C_virginica|XP_022306385.1, C_virginica|XP_022311480.1, C_virginica|XP_022306362.1, C_virginica|XP_022306364.1, C_virginica|XP_022306367.1, C_virginica|XP_022306351.1, C_virginica|XP_022312370.1, C_virginica|XP_022306359.1, C_virginica|XP_022306475.1, C_virginica|XP_022306472.1, C_virginica|XP_022306479.1, C_virginica|XP_022311867.1, C_virginica|XP_022306474.1, C_virginica|XP_022311310.1, C_virginica|XP_022306369.1, C_virginica|XP_022307480.1, C_virginica|XP_022307479.1, C_virginica|XP_022311311.1, C_virginica|XP_022311877.1, C_virginica|XP_022307477.1, C_virginica|XP_022306473.1, C_virginica|XP_022304397.1, C_virginica|XP_022307478.1, C_virginica|XP_022311307.1, C_virginica|XP_022306463.1, C_virginica|XP_022306465.1, C_virginica|XP_022311708.1, C_virginica|XP_022306466.1, C_virginica|XP_022311860.1, C_virginica|XP_022311308.1, C_virginica|XP_022311879.1, C_virginica|XP_022306468.1, C_virginica|XP_022311861.1, C_virginica|XP_022306483.1, C_virginica|XP_022311460.1, C_virginica|XP_022310797.1, C_virginica|XP_022305369.1, C_virginica|XP_022310798.1, C_virginica|XP_022305368.1, C_virginica|XP_022310804.1, C_virginica|XP_022304232.1, C_virginica|XP_022307631.1, C_virginica|XP_022331776.1, C_virginica|XP_022305679.1, C_virginica|XP_022310258.1, C_virginica|XP_022307624.1, C_virginica|XP_022305652.1, C_virginica|XP_022307630.1, C_virginica|XP_022307619.1, C_virginica|XP_022304650.1, C_virginica|XP_022306710.1, C_virginica|XP_022307622.1, C_virginica|XP_022304926.1, C_virginica|XP_022305656.1, C_virginica|XP_022305661.1, C_virginica|XP_022310056.1, C_virginica|XP_022310242.1, C_virginica|XP_022307623.1, C_virginica|XP_022310070.1, C_virginica|XP_022305646.1, C_virginica|XP_022304902.1, C_virginica|XP_022304465.1, C_virginica|XP_022309564.1, C_virginica|XP_022305672.1, C_virginica|XP_022304147.1, C_virginica|XP_022305644.1, C_virginica|XP_022305671.1, C_virginica|XP_022305678.1, C_virginica|XP_022307634.1, C_virginica|XP_022305675.1, C_virginica|XP_022305647.1, C_virginica|XP_022305648.1, C_virginica|XP_022304272.1, C_virginica|XP_022305639.1, C_virginica|XP_022307633.1, C_virginica|XP_022304826.1, C_virginica|XP_022303194.1, C_virginica|XP_022305636.1
OG0000015	A_granulata_2	P_fucata|Pma_10020663	A_granulata|evm.model.Super-Scaffold_100057.39_1, A_granulata|model.g20494.t1_1
OG0000015	S_constricta_2	P_fucata|Pma_10020663	S_constricta|evm.model.ctg6408.1, S_constricta|evm.model.ctg109.15
OG0000015	H_robusta_2	P_fucata|Pma_10020663	H_robusta|ESN99536.1
OG0000015	L_gigantea_2	P_fucata|Pma_10020663	L_gigantea|XP_009049765.1
OG0000015	S_constricta_2	P_fucata|Pma_10001006	S_constricta|evm.model.ctg413.13
OG0000015	H_robusta_2	P_fucata|Pma_10001006	H_robusta|ESO05631.1
OG0000015	B_glabrata_2	P_fucata|Pma_10001006	B_glabrata|XP_013076722.1, B_glabrata|XP_013090484.1
OG0000015	C_virginica_2	P_fucata|Pma_10001006	C_virginica|XP_022325142.1
OG0000016	H_robusta_2	P_fucata|Pma_10013077, P_fucata|Pma_10013078, P_fucata|Pma_10021023, P_fucata|Pma_10013072, P_fucata|Pma_10017238, P_fucata|Pma_10013074, P_fucata|Pma_2.319, P_fucata|Pma_10002971, P_fucata|Pma_10026311, P_fucata|Pma_10019994, P_fucata|Pma_10020228, P_fucata|Pma_10026308, P_fucata|Pma_10017082, P_fucata|Pma_10010486, P_fucata|Pma_10005410, P_fucata|Pma_10026304, P_fucata|Pma_10026305, P_fucata|Pma_10026309, P_fucata|Pma_10002972, P_fucata|Pma_10027671	H_robusta|ESO12711.1, H_robusta|ESO12860.1
OG0000016	A_granulata_2	P_fucata|Pma_10013077, P_fucata|Pma_10013078, P_fucata|Pma_10021023, P_fucata|Pma_10013072, P_fucata|Pma_10017238, P_fucata|Pma_10013074, P_fucata|Pma_2.319, P_fucata|Pma_10002971, P_fucata|Pma_10026311, P_fucata|Pma_10019994, P_fucata|Pma_10020228, P_fucata|Pma_10026308, P_fucata|Pma_10017082, P_fucata|Pma_10010486, P_fucata|Pma_10005410, P_fucata|Pma_10026304, P_fucata|Pma_10026305, P_fucata|Pma_10026309, P_fucata|Pma_10002972, P_fucata|Pma_10027671	A_granulata|evm.model.Super-Scaffold_100019.314_1, A_granulata|model.g20194.t1_1, A_granulata|evm.model.Super-Scaffold_100016.112_1, A_granulata|model.g19855.t1_1, A_granulata|evm.model.Super-Scaffold_505.1528_1, A_granulata|model.g26165.t1_1, A_granulata|evm.model.Super-Scaffold_100005.476_1, A_granulata|evm.model.Super-Scaffold_100037.2_1, A_granulata|model.g8906.t1_1
OG0000016	C_virginica_2	P_fucata|Pma_10013077, P_fucata|Pma_10013078, P_fucata|Pma_10021023, P_fucata|Pma_10013072, P_fucata|Pma_10017238, P_fucata|Pma_10013074, P_fucata|Pma_2.319, P_fucata|Pma_10002971, P_fucata|Pma_10026311, P_fucata|Pma_10019994, P_fucata|Pma_10020228, P_fucata|Pma_10026308, P_fucata|Pma_10017082, P_fucata|Pma_10010486, P_fucata|Pma_10005410, P_fucata|Pma_10026304, P_fucata|Pma_10026305, P_fucata|Pma_10026309, P_fucata|Pma_10002972, P_fucata|Pma_10027671	C_virginica|XP_022308580.1, C_virginica|XP_022294752.1, C_virginica|XP_022293525.1, C_virginica|XP_022332689.1, C_virginica|XP_022334600.1
OG0000016	L_gigantea_2	P_fucata|Pma_10013077, P_fucata|Pma_10013078, P_fucata|Pma_10021023, P_fucata|Pma_10013072, P_fucata|Pma_10017238, P_fucata|Pma_10013074, P_fucata|Pma_2.319, P_fucata|Pma_10002971, P_fucata|Pma_10026311, P_fucata|Pma_10019994, P_fucata|Pma_10020228, P_fucata|Pma_10026308, P_fucata|Pma_10017082, P_fucata|Pma_10010486, P_fucata|Pma_10005410, P_fucata|Pma_10026304, P_fucata|Pma_10026305, P_fucata|Pma_10026309, P_fucata|Pma_10002972, P_fucata|Pma_10027671	L_gigantea|XP_009066031.1
OG0000016	B_glabrata_2	P_fucata|Pma_10027671	B_glabrata|XP_013068640.1, B_glabrata|XP_013068639.1, B_glabrata|XP_013090968.1, B_glabrata|XP_013089408.1, B_glabrata|XP_013090966.1, B_glabrata|XP_013093196.1, B_glabrata|XP_013094005.1, B_glabrata|XP_013080962.1, B_glabrata|XP_013062374.1, B_glabrata|XP_013080662.1, B_glabrata|XP_013093671.1, B_glabrata|XP_013078245.1, B_glabrata|XP_013086582.1, B_glabrata|XP_013086580.1, B_glabrata|XP_013091907.1, B_glabrata|XP_013092990.1, B_glabrata|XP_013096412.1
OG0000016	S_constricta_2	P_fucata|Pma_10027671	S_constricta|evm.model.ctg496.5, S_constricta|evm.model.ctg6.81, S_constricta|evm.model.ctg174.7
OG0000017	H_robusta_2	P_fucata|Pma_10029257, P_fucata|Pma_10029259, P_fucata|Pma_10024934	H_robusta|ESO10253.1
OG0000017	A_granulata_2	P_fucata|Pma_10029257, P_fucata|Pma_10029259, P_fucata|Pma_10024934	A_granulata|model.g4966.t1_1, A_granulata|model.g706.t1_1, A_granulata|model.g4965.t1_1, A_granulata|evm.model.Super-Scaffold_100003.1034_1
OG0000017	B_glabrata_2	P_fucata|Pma_10029257, P_fucata|Pma_10029259, P_fucata|Pma_10024934	B_glabrata|XP_013083785.1
OG0000017	L_gigantea_2	P_fucata|Pma_10029257, P_fucata|Pma_10029259, P_fucata|Pma_10024934	L_gigantea|XP_009054246.1
OG0000017	O_bimaculoides_2	P_fucata|Pma_10029257, P_fucata|Pma_10029259, P_fucata|Pma_10024934	O_bimaculoides|XP_014773512.1
OG0000017	C_virginica_2	P_fucata|Pma_10029257, P_fucata|Pma_10029259	C_virginica|XP_022344548.1, C_virginica|XP_022344551.1
OG0000017	C_virginica_2	P_fucata|Pma_10024934	C_virginica|XP_022343020.1
OG0000017	L_gigantea_2	P_fucata|Pma_10029261, P_fucata|Pma_10003264, P_fucata|Pma_10029262, P_fucata|Pma_10021622, P_fucata|Pma_10031907, P_fucata|Pma_10005159, P_fucata|Pma_10016044, P_fucata|Pma_10016367, P_fucata|Pma_10023166	L_gigantea|XP_009061494.1
OG0000017	B_glabrata_2	P_fucata|Pma_10029261, P_fucata|Pma_10003264, P_fucata|Pma_10029262, P_fucata|Pma_10021622, P_fucata|Pma_10031907, P_fucata|Pma_10005159, P_fucata|Pma_10016044, P_fucata|Pma_10016367, P_fucata|Pma_10023166	B_glabrata|XP_013078946.1, B_glabrata|XP_013065892.1, B_glabrata|XP_013065863.1, B_glabrata|XP_013079385.1, B_glabrata|XP_013079394.1, B_glabrata|XP_013077200.1, B_glabrata|XP_013062035.1, B_glabrata|XP_013065895.1, B_glabrata|XP_013062034.1, B_glabrata|XP_013077202.1, B_glabrata|XP_013065857.1, B_glabrata|XP_013065893.1, B_glabrata|XP_013080598.1, B_glabrata|XP_013080599.1, B_glabrata|XP_013093165.1
OG0000017	S_constricta_2	P_fucata|Pma_10029261	S_constricta|evm.model.ctg747.5
OG0000017	C_virginica_2	P_fucata|Pma_10029261	C_virginica|XP_022344537.1, C_virginica|XP_022344538.1
OG0000017	S_constricta_2	P_fucata|Pma_10003264, P_fucata|Pma_10029262, P_fucata|Pma_10021622	S_constricta|evm.model.ctg747.4, S_constricta|evm.model.ctg225.33
OG0000017	C_virginica_2	P_fucata|Pma_10003264	C_virginica|XP_022338110.1
OG0000017	C_virginica_2	P_fucata|Pma_10029262	C_virginica|XP_022344539.1
OG0000017	C_virginica_2	P_fucata|Pma_10021622	C_virginica|XP_022288802.1
OG0000017	S_constricta_2	P_fucata|Pma_10031907	S_constricta|evm.model.ctg337.18
OG0000017	C_virginica_2	P_fucata|Pma_10031907	C_virginica|XP_022292738.1
OG0000017	S_constricta_2	P_fucata|Pma_10005159, P_fucata|Pma_10016044	S_constricta|evm.model.ctg489.2, S_constricta|evm.model.ctg325.3, S_constricta|evm.model.ctg3125.1
OG0000017	S_constricta_2	P_fucata|Pma_10016367, P_fucata|Pma_10023166	S_constricta|evm.model.ctg416.42
OG0000017	C_virginica_2	P_fucata|Pma_10016367	C_virginica|XP_022339402.1
OG0000017	C_virginica_2	P_fucata|Pma_10023166	C_virginica|XP_022339405.1
OG0000018	L_gigantea_2	P_fucata|Pma_10018321, P_fucata|Pma_10016081, P_fucata|Pma_10027321, P_fucata|Pma_10011065, P_fucata|Pma_10013599, P_fucata|Pma_10021855, P_fucata|Pma_10022476, P_fucata|Pma_10020684, P_fucata|Pma_10026948, P_fucata|Pma_10028434, P_fucata|Pma_10021692, P_fucata|Pma_10001184, P_fucata|Pma_10018175, P_fucata|Pma_10030542, P_fucata|Pma_10023239, P_fucata|Pma_10020252, P_fucata|Pma_10025744, P_fucata|Pma_10002367, P_fucata|Pma_10013560, P_fucata|Pma_10010736, P_fucata|Pma_10007429, P_fucata|Pma_10000702, P_fucata|Pma_10029440, P_fucata|Pma_10011394, P_fucata|Pma_10023184, P_fucata|Pma_10006442, P_fucata|Pma_10022327, P_fucata|Pma_10023372, P_fucata|Pma_10020542, P_fucata|Pma_10023966, P_fucata|Pma_10030882, P_fucata|Pma_10004726, P_fucata|Pma_10013561, P_fucata|Pma_10009009, P_fucata|Pma_10002677, P_fucata|Pma_10010284, P_fucata|Pma_10013403, P_fucata|Pma_10006138, P_fucata|Pma_10005768, P_fucata|Pma_10030764, P_fucata|Pma_10021806, P_fucata|Pma_10016667, P_fucata|Pma_10007024, P_fucata|Pma_10004474, P_fucata|Pma_10008755, P_fucata|Pma_10019583, P_fucata|Pma_10031645, P_fucata|Pma_10024686, P_fucata|Pma_10006295, P_fucata|Pma_10026409, P_fucata|Pma_10012443, P_fucata|Pma_10016439, P_fucata|Pma_10011110, P_fucata|Pma_10022590, P_fucata|Pma_10023292, P_fucata|Pma_10013452, P_fucata|Pma_10013450, P_fucata|Pma_10014320	L_gigantea|XP_009055411.1
OG0000018	C_virginica_2	P_fucata|Pma_10016081	C_virginica|XP_022333877.1
OG0000018	C_virginica_2	P_fucata|Pma_10027321, P_fucata|Pma_10011065, P_fucata|Pma_10013599, P_fucata|Pma_10021855, P_fucata|Pma_10022476, P_fucata|Pma_10020684, P_fucata|Pma_10026948, P_fucata|Pma_10028434, P_fucata|Pma_10021692, P_fucata|Pma_10001184, P_fucata|Pma_10018175, P_fucata|Pma_10030542, P_fucata|Pma_10023239, P_fucata|Pma_10020252, P_fucata|Pma_10025744, P_fucata|Pma_10002367, P_fucata|Pma_10013560, P_fucata|Pma_10010736, P_fucata|Pma_10007429, P_fucata|Pma_10000702, P_fucata|Pma_10029440, P_fucata|Pma_10011394, P_fucata|Pma_10023184, P_fucata|Pma_10006442, P_fucata|Pma_10022327, P_fucata|Pma_10023372, P_fucata|Pma_10020542, P_fucata|Pma_10023966, P_fucata|Pma_10030882, P_fucata|Pma_10004726, P_fucata|Pma_10013561, P_fucata|Pma_10009009, P_fucata|Pma_10002677, P_fucata|Pma_10010284, P_fucata|Pma_10013403, P_fucata|Pma_10006138, P_fucata|Pma_10005768, P_fucata|Pma_10030764, P_fucata|Pma_10021806, P_fucata|Pma_10016667, P_fucata|Pma_10007024, P_fucata|Pma_10004474, P_fucata|Pma_10008755, P_fucata|Pma_10019583, P_fucata|Pma_10031645, P_fucata|Pma_10024686, P_fucata|Pma_10006295, P_fucata|Pma_10026409, P_fucata|Pma_10012443, P_fucata|Pma_10016439, P_fucata|Pma_10011110, P_fucata|Pma_10022590, P_fucata|Pma_10023292, P_fucata|Pma_10013452, P_fucata|Pma_10013450, P_fucata|Pma_10014320	C_virginica|XP_022300455.1
OG0000019	O_bimaculoides_2	P_fucata|Pma_10019755	O_bimaculoides|XP_014781196.1
OG0000019	S_constricta_2	P_fucata|Pma_10019755	S_constricta|evm.model.ctg159.29
OG0000019	C_virginica_2	P_fucata|Pma_10019755	C_virginica|XP_022291061.1
OG0000019	S_constricta_2	P_fucata|Pma_10027659	S_constricta|evm.model.ctg9.1, S_constricta|evm.model.ctg128.7
OG0000019	A_granulata_2	P_fucata|Pma_10027659	A_granulata|model.g7414.t1_1
OG0000019	B_glabrata_2	P_fucata|Pma_10027659	B_glabrata|XP_013083944.1
OG0000019	L_gigantea_2	P_fucata|Pma_10027659	L_gigantea|XP_009059734.1
OG0000019	C_virginica_2	P_fucata|Pma_10027659	C_virginica|XP_022314994.1
OG0000019	H_robusta_2	P_fucata|Pma_10025141, P_fucata|Pma_10004783, P_fucata|Pma_10004784, P_fucata|Pma_10004192, P_fucata|Pma_10020247, P_fucata|Pma_10023026, P_fucata|Pma_10013841, P_fucata|Pma_10003080	H_robusta|ESO09462.1
OG0000019	L_gigantea_2	P_fucata|Pma_10025141	L_gigantea|XP_009062371.1
OG0000019	B_glabrata_2	P_fucata|Pma_10025141	B_glabrata|XP_013072245.1
OG0000019	A_granulata_2	P_fucata|Pma_10025141	A_granulata|model.g14035.t1_1
OG0000019	S_constricta_2	P_fucata|Pma_10025141	S_constricta|evm.model.ctg859.12
OG0000019	C_virginica_2	P_fucata|Pma_10025141	C_virginica|XP_022337519.1
OG0000019	O_bimaculoides_2	P_fucata|Pma_10004783, P_fucata|Pma_10004784	O_bimaculoides|XP_014772300.1
OG0000019	L_gigantea_2	P_fucata|Pma_10004783, P_fucata|Pma_10004784	L_gigantea|XP_009053791.1
OG0000019	S_constricta_2	P_fucata|Pma_10004783, P_fucata|Pma_10004784	S_constricta|evm.model.ctg117.11
OG0000019	C_virginica_2	P_fucata|Pma_10004783, P_fucata|Pma_10004784	C_virginica|XP_022313091.1, C_virginica|XP_022313389.1
OG0000019	A_granulata_2	P_fucata|Pma_10004192	A_granulata|model.g7451.t1_1
OG0000019	L_gigantea_2	P_fucata|Pma_10004192	L_gigantea|XP_009057899.1
OG0000019	S_constricta_2	P_fucata|Pma_10004192	S_constricta|evm.model.ctg510.19
OG0000019	C_virginica_2	P_fucata|Pma_10004192	C_virginica|XP_022312847.1, C_virginica|XP_022312947.1
OG0000019	S_constricta_2	P_fucata|Pma_10020247	S_constricta|evm.model.ctg274.25
OG0000019	L_gigantea_2	P_fucata|Pma_10020247	L_gigantea|XP_009063508.1
OG0000019	B_glabrata_2	P_fucata|Pma_10023026, P_fucata|Pma_10013841, P_fucata|Pma_10003080	B_glabrata|XP_013063444.1
OG0000019	O_bimaculoides_2	P_fucata|Pma_10023026, P_fucata|Pma_10013841, P_fucata|Pma_10003080	O_bimaculoides|XP_014780698.1
OG0000019	L_gigantea_2	P_fucata|Pma_10023026, P_fucata|Pma_10013841	L_gigantea|XP_009056958.1
OG0000019	S_constricta_2	P_fucata|Pma_10023026, P_fucata|Pma_10013841	S_constricta|evm.model.ctg84.12
OG0000019	A_granulata_2	P_fucata|Pma_10023026, P_fucata|Pma_10013841	A_granulata|model.g11738.t1.5.5d3b86a4_1
OG0000019	C_virginica_2	P_fucata|Pma_10023026, P_fucata|Pma_10013841	C_virginica|XP_022302633.1
OG0000019	S_constricta_2	P_fucata|Pma_10003080	S_constricta|evm.model.ctg131.23, S_constricta|evm.model.ctg131.22
OG0000019	L_gigantea_2	P_fucata|Pma_10003080	L_gigantea|XP_009047890.1
OG0000019	A_granulata_2	P_fucata|Pma_10003080	A_granulata|model.g8205.t1_1
OG0000019	C_virginica_2	P_fucata|Pma_10003080	C_virginica|XP_022313153.1
OG0000020	O_bimaculoides_2	P_fucata|Pma_10019387, P_fucata|Pma_10020902, P_fucata|Pma_10026027, P_fucata|Pma_10001746	O_bimaculoides|XP_014770772.1, O_bimaculoides|XP_014770779.1, O_bimaculoides|XP_014780678.1, O_bimaculoides|XP_014782253.1, O_bimaculoides|XP_014783124.1, O_bimaculoides|XP_014784698.1
OG0000020	C_virginica_2	P_fucata|Pma_10019387, P_fucata|Pma_10020902, P_fucata|Pma_10026027, P_fucata|Pma_10001746	C_virginica|XP_022331975.1, C_virginica|XP_022331976.1
OG0000020	L_gigantea_2	P_fucata|Pma_10019387, P_fucata|Pma_10020902	L_gigantea|XP_009046332.1, L_gigantea|XP_009046334.1, L_gigantea|XP_009046333.1
OG0000020	S_constricta_2	P_fucata|Pma_10019387, P_fucata|Pma_10020902	S_constricta|evm.model.ctg3.92, S_constricta|evm.model.ctg1086.13, S_constricta|evm.model.ctg1086.12, S_constricta|evm.model.ctg1086.11, S_constricta|evm.model.ctg1086.9, S_constricta|evm.model.ctg2779.2, S_constricta|evm.model.ctg6487.1, S_constricta|evm.model.ctg1723.2, S_constricta|evm.model.ctg727.2, S_constricta|evm.model.ctg727.4, S_constricta|evm.model.ctg5497.1, S_constricta|evm.model.ctg727.3, S_constricta|evm.model.ctg28.4, S_constricta|evm.model.ctg189.107
OG0000020	B_glabrata_2	P_fucata|Pma_10026027, P_fucata|Pma_10001746	B_glabrata|XP_013079560.1, B_glabrata|XP_013082920.1
OG0000020	L_gigantea_2	P_fucata|Pma_10026027, P_fucata|Pma_10001746	L_gigantea|XP_009047653.1, L_gigantea|XP_009051451.1, L_gigantea|XP_009051452.1, L_gigantea|XP_009054607.1, L_gigantea|XP_009059079.1
OG0000021	A_granulata_2	P_fucata|Pma_10021273, P_fucata|Pma_10007653, P_fucata|Pma_541.364, P_fucata|Pma_324.215, P_fucata|Pma_154.293, P_fucata|Pma_10004553, P_fucata|Pma_10031676, P_fucata|Pma_10018803, P_fucata|Pma_10018494, P_fucata|Pma_312.314, P_fucata|Pma_10025973, P_fucata|Pma_388.228, P_fucata|Pma_563.627, P_fucata|Pma_285.110, P_fucata|Pma_520.689, P_fucata|Pma_220.644, P_fucata|Pma_10001900, P_fucata|Pma_10011278, P_fucata|Pma_330.410, P_fucata|Pma_10004526, P_fucata|Pma_211.729, P_fucata|Pma_291.611, P_fucata|Pma_10000128	A_granulata|model.g31071.t1_1, A_granulata|evm.model.Super-Scaffold_100012.51_1
OG0000021	L_gigantea_2	P_fucata|Pma_10031676, P_fucata|Pma_10018803, P_fucata|Pma_10018494, P_fucata|Pma_312.314, P_fucata|Pma_10025973, P_fucata|Pma_388.228	L_gigantea|XP_009061998.1
OG0000021	C_virginica_2	P_fucata|Pma_10031676, P_fucata|Pma_10018803, P_fucata|Pma_10018494, P_fucata|Pma_312.314, P_fucata|Pma_10025973, P_fucata|Pma_388.228	C_virginica|XP_022320337.1, C_virginica|XP_022319163.1, C_virginica|XP_022330434.1, C_virginica|XP_022342549.1, C_virginica|XP_022291094.1, C_virginica|XP_022291640.1, C_virginica|XP_022308078.1
OG0000021	C_virginica_2	P_fucata|Pma_563.627, P_fucata|Pma_285.110, P_fucata|Pma_520.689, P_fucata|Pma_220.644, P_fucata|Pma_10001900, P_fucata|Pma_10011278, P_fucata|Pma_330.410, P_fucata|Pma_10004526	C_virginica|XP_022293003.1, C_virginica|XP_022304791.1, C_virginica|XP_022317583.1
OG0000021	L_gigantea_2	P_fucata|Pma_211.729, P_fucata|Pma_291.611, P_fucata|Pma_10000128	L_gigantea|XP_009045657.1, L_gigantea|XP_009053740.1
OG0000021	S_constricta_2	P_fucata|Pma_211.729, P_fucata|Pma_291.611, P_fucata|Pma_10000128	S_constricta|evm.model.ctg1671.1, S_constricta|evm.model.ctg3068.1
OG0000023	S_constricta_2	P_fucata|Pma_10014854	S_constricta|evm.model.ctg238.53
OG0000023	H_robusta_2	P_fucata|Pma_10014854	H_robusta|ESO00598.1
OG0000023	C_virginica_2	P_fucata|Pma_10014854	C_virginica|XP_022322019.1
OG0000023	B_glabrata_2	P_fucata|Pma_10014854	B_glabrata|XP_013069100.1
OG0000023	L_gigantea_2	P_fucata|Pma_10014854	L_gigantea|XP_009044903.1
OG0000023	A_granulata_2	P_fucata|Pma_10014854	A_granulata|evm.model.Super-Scaffold_100002.117_1
OG0000023	O_bimaculoides_2	P_fucata|Pma_10014854	O_bimaculoides|XP_014787445.1
OG0000024	H_robusta_2	P_fucata|Pma_10012487	H_robusta|ESN91305.1
OG0000024	B_glabrata_2	P_fucata|Pma_10012487	B_glabrata|XP_013079153.1
OG0000024	O_bimaculoides_2	P_fucata|Pma_10012487	O_bimaculoides|XP_014778891.1
OG0000024	S_constricta_2	P_fucata|Pma_10012487	S_constricta|evm.model.ctg14.39
OG0000024	L_gigantea_2	P_fucata|Pma_10012487	L_gigantea|XP_009056746.1
OG0000024	C_virginica_2	P_fucata|Pma_10012487	C_virginica|XP_022319000.1
OG0000024	A_granulata_2	P_fucata|Pma_10012487	A_granulata|evm.model.Super-Scaffold_100005.884_1
OG0000025	H_robusta_2	P_fucata|Pma_10016699	H_robusta|ESN91955.1
OG0000025	S_constricta_2	P_fucata|Pma_10016699	S_constricta|evm.model.ctg97.43
OG0000025	B_glabrata_2	P_fucata|Pma_10016699	B_glabrata|XP_013070418.1
OG0000025	L_gigantea_2	P_fucata|Pma_10016699	L_gigantea|XP_009048639.1
OG0000025	A_granulata_2	P_fucata|Pma_10016699	A_granulata|evm.model.Super-Scaffold_100008.679_1
OG0000025	O_bimaculoides_2	P_fucata|Pma_10016699	O_bimaculoides|XP_014789699.1
OG0000025	C_virginica_2	P_fucata|Pma_10016699	C_virginica|XP_022316668.1
OG0000026	S_constricta_2	P_fucata|Pma_10004014	S_constricta|evm.model.ctg1004.16
OG0000026	O_bimaculoides_2	P_fucata|Pma_10004014	O_bimaculoides|XP_014789426.1
OG0000026	A_granulata_2	P_fucata|Pma_10004014	A_granulata|evm.model.Super-Scaffold_100010.607_1
OG0000026	B_glabrata_2	P_fucata|Pma_10004014	B_glabrata|XP_013085147.1
OG0000026	H_robusta_2	P_fucata|Pma_10004014	H_robusta|ESN95294.1
OG0000026	L_gigantea_2	P_fucata|Pma_10004014	L_gigantea|XP_009051788.1
OG0000026	C_virginica_2	P_fucata|Pma_10004014	C_virginica|XP_022344839.1
OG0000027	O_bimaculoides_2	P_fucata|Pma_10008115	O_bimaculoides|XP_014788131.1
OG0000027	H_robusta_2	P_fucata|Pma_10008115	H_robusta|ESO08179.1
OG0000027	A_granulata_2	P_fucata|Pma_10008115	A_granulata|evm.model.Super-Scaffold_100013.373_1
OG0000027	B_glabrata_2	P_fucata|Pma_10008115	B_glabrata|XP_013079423.1
OG0000027	S_constricta_2	P_fucata|Pma_10008115	S_constricta|evm.model.ctg660.7
OG0000027	L_gigantea_2	P_fucata|Pma_10008115	L_gigantea|XP_009058327.1
OG0000027	C_virginica_2	P_fucata|Pma_10008115	C_virginica|XP_022341852.1
OG0000028	B_glabrata_2	P_fucata|Pma_10025415	B_glabrata|XP_013064541.1
OG0000028	O_bimaculoides_2	P_fucata|Pma_10025415	O_bimaculoides|XP_014790475.1
OG0000028	A_granulata_2	P_fucata|Pma_10025415	A_granulata|evm.model.Super-Scaffold_100025.188_1
OG0000028	L_gigantea_2	P_fucata|Pma_10025415	L_gigantea|XP_009050366.1
OG0000028	H_robusta_2	P_fucata|Pma_10025415	H_robusta|ESO08129.1
OG0000028	S_constricta_2	P_fucata|Pma_10025415	S_constricta|evm.model.ctg930.2
OG0000028	C_virginica_2	P_fucata|Pma_10025415	C_virginica|XP_022321873.1
OG0000029	A_granulata_2	P_fucata|Pma_10031590	A_granulata|model.g2134.t1_1
OG0000029	H_robusta_2	P_fucata|Pma_10031590	H_robusta|ESO13052.1
OG0000029	O_bimaculoides_2	P_fucata|Pma_10031590	O_bimaculoides|XP_014772627.1
OG0000029	B_glabrata_2	P_fucata|Pma_10031590	B_glabrata|XP_013084231.1
OG0000029	S_constricta_2	P_fucata|Pma_10031590	S_constricta|evm.model.ctg492.4
OG0000029	L_gigantea_2	P_fucata|Pma_10031590	L_gigantea|XP_009051479.1
OG0000029	C_virginica_2	P_fucata|Pma_10031590	C_virginica|XP_022344457.1
OG0000030	A_granulata_2	P_fucata|Pma_10019276	A_granulata|model.g1298.t1_1
OG0000030	O_bimaculoides_2	P_fucata|Pma_10019276	O_bimaculoides|XP_014784674.1
OG0000030	B_glabrata_2	P_fucata|Pma_10019276	B_glabrata|XP_013088149.1
OG0000030	H_robusta_2	P_fucata|Pma_10019276	H_robusta|ESO09280.1
OG0000030	L_gigantea_2	P_fucata|Pma_10019276	L_gigantea|XP_009051490.1
OG0000030	S_constricta_2	P_fucata|Pma_10019276	S_constricta|evm.model.ctg40.49
OG0000030	C_virginica_2	P_fucata|Pma_10019276	C_virginica|XP_022308357.1
OG0000031	B_glabrata_2	P_fucata|Pma_10004601	B_glabrata|XP_013061816.1
OG0000031	O_bimaculoides_2	P_fucata|Pma_10004601	O_bimaculoides|XP_014787618.1
OG0000031	H_robusta_2	P_fucata|Pma_10004601	H_robusta|ESO09736.1
OG0000031	L_gigantea_2	P_fucata|Pma_10004601	L_gigantea|XP_009055442.1
OG0000031	A_granulata_2	P_fucata|Pma_10004601	A_granulata|model.g100.t1_1
OG0000031	S_constricta_2	P_fucata|Pma_10004601	S_constricta|evm.model.ctg142.10
OG0000031	C_virginica_2	P_fucata|Pma_10004601	C_virginica|XP_022328400.1
OG0000032	H_robusta_2	P_fucata|Pma_10001679	H_robusta|ESO02199.1
OG0000032	S_constricta_2	P_fucata|Pma_10001679	S_constricta|evm.model.ctg145.40
OG0000032	A_granulata_2	P_fucata|Pma_10001679	A_granulata|model.g501.t1_1
OG0000032	O_bimaculoides_2	P_fucata|Pma_10001679	O_bimaculoides|XP_014773878.1
OG0000032	B_glabrata_2	P_fucata|Pma_10001679	B_glabrata|XP_013081362.1
OG0000032	L_gigantea_2	P_fucata|Pma_10001679	L_gigantea|XP_009048498.1
OG0000032	C_virginica_2	P_fucata|Pma_10001679	C_virginica|XP_022338696.1
OG0000033	A_granulata_2	P_fucata|Pma_10026789	A_granulata|model.g1883.t1_1
OG0000033	O_bimaculoides_2	P_fucata|Pma_10026789	O_bimaculoides|XP_014769418.1
OG0000033	H_robusta_2	P_fucata|Pma_10026789	H_robusta|ESN90052.1
OG0000033	B_glabrata_2	P_fucata|Pma_10026789	B_glabrata|XP_013091381.1
OG0000033	L_gigantea_2	P_fucata|Pma_10026789	L_gigantea|XP_009056300.1
OG0000033	S_constricta_2	P_fucata|Pma_10026789	S_constricta|evm.model.ctg647.9
OG0000033	C_virginica_2	P_fucata|Pma_10026789	C_virginica|XP_022343803.1
OG0000034	H_robusta_2	P_fucata|Pma_10032131	H_robusta|ESN90476.1
OG0000034	L_gigantea_2	P_fucata|Pma_10032131	L_gigantea|XP_009054295.1
OG0000034	B_glabrata_2	P_fucata|Pma_10032131	B_glabrata|XP_013078957.1
OG0000034	S_constricta_2	P_fucata|Pma_10032131	S_constricta|evm.model.ctg613.8
OG0000034	A_granulata_2	P_fucata|Pma_10032131	A_granulata|model.g1662.t1_1
OG0000034	O_bimaculoides_2	P_fucata|Pma_10032131	O_bimaculoides|XP_014777276.1
OG0000034	C_virginica_2	P_fucata|Pma_10032131	C_virginica|XP_022343845.1
OG0000035	L_gigantea_2	P_fucata|Pma_10016128	L_gigantea|XP_009063552.1
OG0000035	O_bimaculoides_2	P_fucata|Pma_10016128	O_bimaculoides|XP_014772225.1
OG0000035	S_constricta_2	P_fucata|Pma_10016128	S_constricta|evm.model.ctg392.9
OG0000035	A_granulata_2	P_fucata|Pma_10016128	A_granulata|model.g3215.t1_1
OG0000035	B_glabrata_2	P_fucata|Pma_10016128	B_glabrata|XP_013075562.1
OG0000035	H_robusta_2	P_fucata|Pma_10016128	H_robusta|ESO10634.1
OG0000035	C_virginica_2	P_fucata|Pma_10016128	C_virginica|XP_022313863.1
OG0000036	A_granulata_2	P_fucata|Pma_10028537	A_granulata|model.g3997.t1_1
OG0000036	O_bimaculoides_2	P_fucata|Pma_10028537	O_bimaculoides|XP_014776166.1
OG0000036	B_glabrata_2	P_fucata|Pma_10028537	B_glabrata|XP_013064900.1
OG0000036	L_gigantea_2	P_fucata|Pma_10028537	L_gigantea|XP_009048015.1
OG0000036	H_robusta_2	P_fucata|Pma_10028537	H_robusta|ESO10298.1
OG0000036	S_constricta_2	P_fucata|Pma_10028537	S_constricta|evm.model.ctg96.20
OG0000036	C_virginica_2	P_fucata|Pma_10028537	C_virginica|XP_022314684.1
OG0000037	A_granulata_2	P_fucata|Pma_10007898	A_granulata|model.g4135.t1_1
OG0000037	H_robusta_2	P_fucata|Pma_10007898	H_robusta|ESN95204.1
OG0000037	O_bimaculoides_2	P_fucata|Pma_10007898	O_bimaculoides|XP_014785114.1
OG0000037	B_glabrata_2	P_fucata|Pma_10007898	B_glabrata|XP_013085046.1
OG0000037	L_gigantea_2	P_fucata|Pma_10007898	L_gigantea|XP_009045422.1
OG0000037	S_constricta_2	P_fucata|Pma_10007898	S_constricta|evm.model.ctg533.29
OG0000037	C_virginica_2	P_fucata|Pma_10007898	C_virginica|XP_022316489.1
OG0000038	A_granulata_2	P_fucata|Pma_225.222	A_granulata|model.g3909.t1_1
OG0000038	O_bimaculoides_2	P_fucata|Pma_225.222	O_bimaculoides|XP_014773522.1
OG0000038	S_constricta_2	P_fucata|Pma_225.222	S_constricta|evm.model.ctg1402.5
OG0000038	B_glabrata_2	P_fucata|Pma_225.222	B_glabrata|XP_013077767.1
OG0000038	L_gigantea_2	P_fucata|Pma_225.222	L_gigantea|XP_009067307.1
OG0000038	H_robusta_2	P_fucata|Pma_225.222	H_robusta|ESO05119.1
OG0000038	C_virginica_2	P_fucata|Pma_225.222	C_virginica|XP_022314870.1
OG0000039	B_glabrata_2	P_fucata|Pma_10017118	B_glabrata|XP_013086056.1
OG0000039	O_bimaculoides_2	P_fucata|Pma_10017118	O_bimaculoides|XP_014772348.1
OG0000039	H_robusta_2	P_fucata|Pma_10017118	H_robusta|ESN96911.1
OG0000039	A_granulata_2	P_fucata|Pma_10017118	A_granulata|model.g5912.t1_1
OG0000039	L_gigantea_2	P_fucata|Pma_10017118	L_gigantea|XP_009046521.1
OG0000039	S_constricta_2	P_fucata|Pma_10017118	S_constricta|evm.model.ctg271.100
OG0000039	C_virginica_2	P_fucata|Pma_10017118	C_virginica|XP_022309414.1
OG0000040	H_robusta_2	P_fucata|Pma_10009782	H_robusta|ESO01626.1
OG0000040	A_granulata_2	P_fucata|Pma_10009782	A_granulata|model.g6072.t1_1
OG0000040	B_glabrata_2	P_fucata|Pma_10009782	B_glabrata|XP_013079984.1
OG0000040	S_constricta_2	P_fucata|Pma_10009782	S_constricta|evm.model.ctg76.36
OG0000040	L_gigantea_2	P_fucata|Pma_10009782	L_gigantea|XP_009047712.1
OG0000040	O_bimaculoides_2	P_fucata|Pma_10009782	O_bimaculoides|XP_014788148.1
OG0000040	C_virginica_2	P_fucata|Pma_10009782	C_virginica|XP_022332522.1
OG0000041	H_robusta_2	P_fucata|Pma_10020132	H_robusta|ESO00575.1
OG0000041	O_bimaculoides_2	P_fucata|Pma_10020132	O_bimaculoides|XP_014773542.1
OG0000041	A_granulata_2	P_fucata|Pma_10020132	A_granulata|model.g8800.t1_1
OG0000041	S_constricta_2	P_fucata|Pma_10020132	S_constricta|evm.model.ctg64.47
OG0000041	B_glabrata_2	P_fucata|Pma_10020132	B_glabrata|XP_013075181.1
OG0000041	L_gigantea_2	P_fucata|Pma_10020132	L_gigantea|XP_009050006.1
OG0000041	C_virginica_2	P_fucata|Pma_10020132	C_virginica|XP_022301526.1
OG0000042	A_granulata_2	P_fucata|Pma_10002130	A_granulata|model.g8671.t1_1
OG0000042	O_bimaculoides_2	P_fucata|Pma_10002130	O_bimaculoides|XP_014775340.1
OG0000042	L_gigantea_2	P_fucata|Pma_10002130	L_gigantea|XP_009062528.1
OG0000042	H_robusta_2	P_fucata|Pma_10002130	H_robusta|ESN96167.1
OG0000042	S_constricta_2	P_fucata|Pma_10002130	S_constricta|evm.model.ctg154.29
OG0000042	C_virginica_2	P_fucata|Pma_10002130	C_virginica|XP_022300046.1
OG0000042	B_glabrata_2	P_fucata|Pma_10002130	B_glabrata|XP_013068776.1
OG0000043	H_robusta_2	P_fucata|Pma_10008006	H_robusta|ESO04933.1
OG0000043	O_bimaculoides_2	P_fucata|Pma_10008006	O_bimaculoides|XP_014783376.1
OG0000043	A_granulata_2	P_fucata|Pma_10008006	A_granulata|model.g9992.t1_1
OG0000043	B_glabrata_2	P_fucata|Pma_10008006	B_glabrata|XP_013064636.1
OG0000043	L_gigantea_2	P_fucata|Pma_10008006	L_gigantea|XP_009045632.1
OG0000043	S_constricta_2	P_fucata|Pma_10008006	S_constricta|evm.model.ctg491.9
OG0000043	C_virginica_2	P_fucata|Pma_10008006	C_virginica|XP_022322855.1
OG0000044	A_granulata_2	P_fucata|Pma_10030088	A_granulata|model.g9597.t1_1
OG0000044	O_bimaculoides_2	P_fucata|Pma_10030088	O_bimaculoides|XP_014767759.1
OG0000044	L_gigantea_2	P_fucata|Pma_10030088	L_gigantea|XP_009057767.1
OG0000044	H_robusta_2	P_fucata|Pma_10030088	H_robusta|ESO00697.1
OG0000044	B_glabrata_2	P_fucata|Pma_10030088	B_glabrata|XP_013096019.1
OG0000044	S_constricta_2	P_fucata|Pma_10030088	S_constricta|evm.model.ctg340.12
OG0000044	C_virginica_2	P_fucata|Pma_10030088	C_virginica|XP_022334366.1
OG0000045	H_robusta_2	P_fucata|Pma_10002234	H_robusta|ESN99635.1
OG0000045	O_bimaculoides_2	P_fucata|Pma_10002234	O_bimaculoides|XP_014774176.1
OG0000045	S_constricta_2	P_fucata|Pma_10002234	S_constricta|evm.model.ctg968.2
OG0000045	L_gigantea_2	P_fucata|Pma_10002234	L_gigantea|XP_009043858.1
OG0000045	A_granulata_2	P_fucata|Pma_10002234	A_granulata|model.g11944.t1_1
OG0000045	B_glabrata_2	P_fucata|Pma_10002234	B_glabrata|XP_013086308.1
OG0000045	C_virginica_2	P_fucata|Pma_10002234	C_virginica|XP_022317065.1
OG0000046	A_granulata_2	P_fucata|Pma_10027324	A_granulata|model.g13152.t1_1
OG0000046	B_glabrata_2	P_fucata|Pma_10027324	B_glabrata|XP_013066099.1
OG0000046	L_gigantea_2	P_fucata|Pma_10027324	L_gigantea|XP_009060904.1
OG0000046	H_robusta_2	P_fucata|Pma_10027324	H_robusta|ESO10083.1
OG0000046	S_constricta_2	P_fucata|Pma_10027324	S_constricta|evm.model.ctg667.12
OG0000046	O_bimaculoides_2	P_fucata|Pma_10027324	O_bimaculoides|XP_014772041.1
OG0000046	C_virginica_2	P_fucata|Pma_10027324	C_virginica|XP_022325540.1
OG0000047	A_granulata_2	P_fucata|Pma_10023216	A_granulata|model.g15250.t1_1
OG0000047	O_bimaculoides_2	P_fucata|Pma_10023216	O_bimaculoides|XP_014770126.1
OG0000047	L_gigantea_2	P_fucata|Pma_10023216	L_gigantea|XP_009059115.1
OG0000047	H_robusta_2	P_fucata|Pma_10023216	H_robusta|ESN91550.1
OG0000047	B_glabrata_2	P_fucata|Pma_10023216	B_glabrata|XP_013082575.1
OG0000047	S_constricta_2	P_fucata|Pma_10023216	S_constricta|evm.model.ctg1.21
OG0000047	C_virginica_2	P_fucata|Pma_10023216	C_virginica|XP_022333984.1
OG0000048	B_glabrata_2	P_fucata|Pma_10003678	B_glabrata|XP_013086900.1
OG0000048	H_robusta_2	P_fucata|Pma_10003678	H_robusta|ESO13187.1
OG0000048	L_gigantea_2	P_fucata|Pma_10003678	L_gigantea|XP_009064850.1
OG0000048	S_constricta_2	P_fucata|Pma_10003678	S_constricta|evm.model.ctg1.125_evm.model.ctg1.126
OG0000048	O_bimaculoides_2	P_fucata|Pma_10003678	O_bimaculoides|XP_014783673.1
OG0000048	A_granulata_2	P_fucata|Pma_10003678	A_granulata|model.g15596.t1_1
OG0000048	C_virginica_2	P_fucata|Pma_10003678	C_virginica|XP_022330767.1
OG0000049	A_granulata_2	P_fucata|Pma_10020653	A_granulata|model.g17957.t1_1
OG0000049	O_bimaculoides_2	P_fucata|Pma_10020653	O_bimaculoides|XP_014790578.1
OG0000049	H_robusta_2	P_fucata|Pma_10020653	H_robusta|ESN98754.1
OG0000049	B_glabrata_2	P_fucata|Pma_10020653	B_glabrata|XP_013067132.1
OG0000049	L_gigantea_2	P_fucata|Pma_10020653	L_gigantea|XP_009043632.1
OG0000049	S_constricta_2	P_fucata|Pma_10020653	S_constricta|evm.model.ctg388.17
OG0000049	C_virginica_2	P_fucata|Pma_10020653	C_virginica|XP_022333004.1
OG0000050	H_robusta_2	P_fucata|Pma_10006139	H_robusta|ESO00076.1
OG0000050	O_bimaculoides_2	P_fucata|Pma_10006139	O_bimaculoides|XP_014773139.1
OG0000050	S_constricta_2	P_fucata|Pma_10006139	S_constricta|evm.model.ctg51.64
OG0000050	A_granulata_2	P_fucata|Pma_10006139	A_granulata|model.g30402.t1_1
OG0000050	C_virginica_2	P_fucata|Pma_10006139	C_virginica|XP_022340056.1
OG0000050	L_gigantea_2	P_fucata|Pma_10006139	L_gigantea|XP_009053420.1
OG0000050	B_glabrata_2	P_fucata|Pma_10006139	B_glabrata|XP_013095945.1
OG0000051	H_robusta_2	P_fucata|Pma_10021729	H_robusta|ESN99728.1
OG0000051	O_bimaculoides_2	P_fucata|Pma_10021729	O_bimaculoides|XP_014776868.1
OG0000051	A_granulata_2	P_fucata|Pma_10021729	A_granulata|model.g29359.t1_1
OG0000051	L_gigantea_2	P_fucata|Pma_10021729	L_gigantea|XP_009050923.1
OG0000051	B_glabrata_2	P_fucata|Pma_10021729	B_glabrata|XP_013090147.1
OG0000051	S_constricta_2	P_fucata|Pma_10021729	S_constricta|evm.model.ctg185.15
OG0000051	C_virginica_2	P_fucata|Pma_10021729	C_virginica|XP_022343998.1
OG0000052	H_robusta_2	P_fucata|Pma_10014024	H_robusta|ESN98670.1
OG0000052	O_bimaculoides_2	P_fucata|Pma_10014024	O_bimaculoides|XP_014790391.1
OG0000052	B_glabrata_2	P_fucata|Pma_10014024	B_glabrata|XP_013088196.1
OG0000052	A_granulata_2	P_fucata|Pma_10014024	A_granulata|model.g28777.t1_1
OG0000052	L_gigantea_2	P_fucata|Pma_10014024	L_gigantea|XP_009054282.1
OG0000052	S_constricta_2	P_fucata|Pma_10014024	S_constricta|evm.model.ctg101.83
OG0000052	C_virginica_2	P_fucata|Pma_10014024	C_virginica|XP_022345957.1
OG0000053	H_robusta_2	P_fucata|Pma_10029871	H_robusta|ESO03583.1
OG0000053	O_bimaculoides_2	P_fucata|Pma_10029871	O_bimaculoides|XP_014778145.1
OG0000053	L_gigantea_2	P_fucata|Pma_10029871	L_gigantea|XP_009066668.1
OG0000053	B_glabrata_2	P_fucata|Pma_10029871	B_glabrata|XP_013067251.1
OG0000053	A_granulata_2	P_fucata|Pma_10029871	A_granulata|model.g29911.t1_1
OG0000053	S_constricta_2	P_fucata|Pma_10029871	S_constricta|evm.model.ctg1651.2
OG0000053	C_virginica_2	P_fucata|Pma_10029871	C_virginica|XP_022286161.1
OG0000054	H_robusta_2	P_fucata|Pma_10029064	H_robusta|ESO10888.1
OG0000054	A_granulata_2	P_fucata|Pma_10029064	A_granulata|model.g1284.t1.1.5d3b82d5_1
OG0000054	S_constricta_2	P_fucata|Pma_10029064	S_constricta|evm.model.ctg775.15
OG0000054	O_bimaculoides_2	P_fucata|Pma_10029064	O_bimaculoides|XP_014779552.1
OG0000054	L_gigantea_2	P_fucata|Pma_10029064	L_gigantea|XP_009044613.1
OG0000054	B_glabrata_2	P_fucata|Pma_10029064	B_glabrata|XP_013065711.1
OG0000054	C_virginica_2	P_fucata|Pma_10029064	C_virginica|XP_022343743.1
OG0000055	H_robusta_2	P_fucata|Pma_10017450	H_robusta|ESN91162.1
OG0000055	S_constricta_2	P_fucata|Pma_10017450	S_constricta|evm.model.ctg1149.7
OG0000055	O_bimaculoides_2	P_fucata|Pma_10017450	O_bimaculoides|XP_014775648.1
OG0000055	A_granulata_2	P_fucata|Pma_10017450	A_granulata|model.g2097.t1_1
OG0000055	B_glabrata_2	P_fucata|Pma_10017450	B_glabrata|XP_013087945.1
OG0000055	L_gigantea_2	P_fucata|Pma_10017450	L_gigantea|XP_009066700.1
OG0000055	C_virginica_2	P_fucata|Pma_10017450	C_virginica|XP_022345421.1
OG0000056	H_robusta_2	P_fucata|Pma_10015971	H_robusta|ESO08731.1
OG0000056	L_gigantea_2	P_fucata|Pma_10015971	L_gigantea|XP_009054866.1
OG0000056	O_bimaculoides_2	P_fucata|Pma_10015971	O_bimaculoides|XP_014783300.1
OG0000056	S_constricta_2	P_fucata|Pma_10015971	S_constricta|evm.model.ctg1239.1
OG0000056	B_glabrata_2	P_fucata|Pma_10015971	B_glabrata|XP_013082149.1
OG0000056	A_granulata_2	P_fucata|Pma_10015971	A_granulata|model.g89.t1.1.5d3b81fd_1
OG0000056	C_virginica_2	P_fucata|Pma_10015971	C_virginica|XP_022329200.1
OG0000057	B_glabrata_2	P_fucata|Pma_10013840	B_glabrata|XP_013065610.1
OG0000057	O_bimaculoides_2	P_fucata|Pma_10013840	O_bimaculoides|XP_014774168.1
OG0000057	A_granulata_2	P_fucata|Pma_10013840	A_granulata|model.g763.t1_model.g765.t1_1
OG0000057	H_robusta_2	P_fucata|Pma_10013840	H_robusta|ESO06944.1
OG0000057	L_gigantea_2	P_fucata|Pma_10013840	L_gigantea|XP_009047623.1
OG0000057	S_constricta_2	P_fucata|Pma_10013840	S_constricta|evm.model.ctg138.11
OG0000057	C_virginica_2	P_fucata|Pma_10013840	C_virginica|XP_022288607.1
OG0000058	H_robusta_2	P_fucata|Pma_10014039	H_robusta|ESO09558.1
OG0000058	O_bimaculoides_2	P_fucata|Pma_10014039	O_bimaculoides|XP_014785555.1
OG0000058	B_glabrata_2	P_fucata|Pma_10014039	B_glabrata|XP_013076231.1
OG0000058	L_gigantea_2	P_fucata|Pma_10014039	L_gigantea|XP_009060107.1
OG0000058	A_granulata_2	P_fucata|Pma_10014039	A_granulata|model.g4291.t1_1
OG0000058	S_constricta_2	P_fucata|Pma_10014039	S_constricta|evm.model.ctg96.49
OG0000058	C_virginica_2	P_fucata|Pma_10014039	C_virginica|XP_022317557.1
OG0000059	B_glabrata_2	P_fucata|Pma_10022791	B_glabrata|XP_013083411.1
OG0000059	H_robusta_2	P_fucata|Pma_10022791	H_robusta|ESN94151.1
OG0000059	L_gigantea_2	P_fucata|Pma_10022791	L_gigantea|XP_009060271.1
OG0000059	A_granulata_2	P_fucata|Pma_10022791	A_granulata|model.g6491.t1.1.5d3b8503_1
OG0000059	O_bimaculoides_2	P_fucata|Pma_10022791	O_bimaculoides|XP_014789933.1
OG0000059	S_constricta_2	P_fucata|Pma_10022791	S_constricta|evm.model.ctg639.2
OG0000059	C_virginica_2	P_fucata|Pma_10022791	C_virginica|XP_022295132.1
OG0000060	H_robusta_2	P_fucata|Pma_10022841	H_robusta|ESN99626.1
OG0000060	O_bimaculoides_2	P_fucata|Pma_10022841	O_bimaculoides|XP_014776694.1
OG0000060	B_glabrata_2	P_fucata|Pma_10022841	B_glabrata|XP_013072764.1
OG0000060	L_gigantea_2	P_fucata|Pma_10022841	L_gigantea|XP_009056650.1
OG0000060	A_granulata_2	P_fucata|Pma_10022841	A_granulata|model.g7388.t1_1
OG0000060	S_constricta_2	P_fucata|Pma_10022841	S_constricta|evm.model.ctg74.29
OG0000060	C_virginica_2	P_fucata|Pma_10022841	C_virginica|XP_022316787.1
OG0000061	H_robusta_2	P_fucata|Pma_10032223	H_robusta|ESO02346.1
OG0000061	S_constricta_2	P_fucata|Pma_10032223	S_constricta|evm.model.ctg210.6
OG0000061	O_bimaculoides_2	P_fucata|Pma_10032223	O_bimaculoides|XP_014790210.1
OG0000061	L_gigantea_2	P_fucata|Pma_10032223	L_gigantea|XP_009053673.1
OG0000061	A_granulata_2	P_fucata|Pma_10032223	A_granulata|model.g7604.t1.1.5d3b84b3_1
OG0000061	B_glabrata_2	P_fucata|Pma_10032223	B_glabrata|XP_013096882.1
OG0000061	C_virginica_2	P_fucata|Pma_10032223	C_virginica|XP_022296668.1
OG0000062	A_granulata_2	P_fucata|Pma_10006927	A_granulata|model.g8718.t1.1.5d3b85ae_1
OG0000062	O_bimaculoides_2	P_fucata|Pma_10006927	O_bimaculoides|XP_014772987.1
OG0000062	L_gigantea_2	P_fucata|Pma_10006927	L_gigantea|XP_009059459.1
OG0000062	S_constricta_2	P_fucata|Pma_10006927	S_constricta|evm.model.ctg230.1
OG0000062	B_glabrata_2	P_fucata|Pma_10006927	B_glabrata|XP_013065247.1
OG0000062	H_robusta_2	P_fucata|Pma_10006927	H_robusta|ESN92353.1
OG0000062	C_virginica_2	P_fucata|Pma_10006927	C_virginica|XP_022298945.1
OG0000063	H_robusta_2	P_fucata|Pma_10026025	H_robusta|ESN90952.1
OG0000063	S_constricta_2	P_fucata|Pma_10026025	S_constricta|evm.model.ctg131.13
OG0000063	A_granulata_2	P_fucata|Pma_10026025	A_granulata|model.g7299.t1_1
OG0000063	O_bimaculoides_2	P_fucata|Pma_10026025	O_bimaculoides|XP_014776218.1
OG0000063	B_glabrata_2	P_fucata|Pma_10026025	B_glabrata|XP_013084385.1
OG0000063	L_gigantea_2	P_fucata|Pma_10026025	L_gigantea|XP_009053421.1
OG0000063	C_virginica_2	P_fucata|Pma_10026025	C_virginica|XP_022313813.1
OG0000064	H_robusta_2	P_fucata|Pma_10001281	H_robusta|ESN94328.1
OG0000064	O_bimaculoides_2	P_fucata|Pma_10001281	O_bimaculoides|XP_014783678.1
OG0000064	A_granulata_2	P_fucata|Pma_10001281	A_granulata|model.g13274.t1_1
OG0000064	L_gigantea_2	P_fucata|Pma_10001281	L_gigantea|XP_009051192.1
OG0000064	S_constricta_2	P_fucata|Pma_10001281	S_constricta|evm.model.ctg1020.4
OG0000064	B_glabrata_2	P_fucata|Pma_10001281	B_glabrata|XP_013061978.1
OG0000064	C_virginica_2	P_fucata|Pma_10001281	C_virginica|XP_022320821.1
OG0000065	A_granulata_2	P_fucata|Pma_10008428	A_granulata|model.g17523.t1_1
OG0000065	O_bimaculoides_2	P_fucata|Pma_10008428	O_bimaculoides|XP_014772273.1
OG0000065	B_glabrata_2	P_fucata|Pma_10008428	B_glabrata|XP_013084680.1
OG0000065	L_gigantea_2	P_fucata|Pma_10008428	L_gigantea|XP_009050443.1
OG0000065	H_robusta_2	P_fucata|Pma_10008428	H_robusta|ESO10101.1
OG0000065	S_constricta_2	P_fucata|Pma_10008428	S_constricta|evm.model.ctg502.6
OG0000065	C_virginica_2	P_fucata|Pma_10008428	C_virginica|XP_022340992.1
OG0000066	L_gigantea_2	P_fucata|Pma_10031684	L_gigantea|XP_009046288.1
OG0000066	H_robusta_2	P_fucata|Pma_10031684	H_robusta|ESO01061.1
OG0000066	B_glabrata_2	P_fucata|Pma_10031684	B_glabrata|XP_013080185.1
OG0000066	A_granulata_2	P_fucata|Pma_10031684	A_granulata|model.g17660.t1_1
OG0000066	O_bimaculoides_2	P_fucata|Pma_10031684	O_bimaculoides|XP_014778623.1
OG0000066	C_virginica_2	P_fucata|Pma_10031684	C_virginica|XP_022332899.1
OG0000066	S_constricta_2	P_fucata|Pma_10031684	S_constricta|evm.model.ctg442.45
OG0000067	H_robusta_2	P_fucata|Pma_10022889	H_robusta|ESN96928.1
OG0000067	O_bimaculoides_2	P_fucata|Pma_10022889	O_bimaculoides|XP_014771836.1
OG0000067	S_constricta_2	P_fucata|Pma_10022889	S_constricta|evm.model.ctg249.21
OG0000067	A_granulata_2	P_fucata|Pma_10022889	A_granulata|model.g20823.t1_1
OG0000067	B_glabrata_2	P_fucata|Pma_10022889	B_glabrata|XP_013070700.1
OG0000067	L_gigantea_2	P_fucata|Pma_10022889	L_gigantea|XP_009050729.1
OG0000067	C_virginica_2	P_fucata|Pma_10022889	C_virginica|XP_022321982.1
OG0000068	A_granulata_2	P_fucata|Pma_10017451	A_granulata|model.g29179.t1_1
OG0000068	H_robusta_2	P_fucata|Pma_10017451	H_robusta|ESN99588.1
OG0000068	O_bimaculoides_2	P_fucata|Pma_10017451	O_bimaculoides|XP_014789121.1
OG0000068	S_constricta_2	P_fucata|Pma_10017451	S_constricta|evm.model.ctg1547.1
OG0000068	B_glabrata_2	P_fucata|Pma_10017451	B_glabrata|XP_013071542.1
OG0000068	L_gigantea_2	P_fucata|Pma_10017451	L_gigantea|XP_009064827.1
OG0000068	C_virginica_2	P_fucata|Pma_10017451	C_virginica|XP_022341053.1
OG0000069	S_constricta_2	P_fucata|Pma_10015959	S_constricta|evm.model.ctg381.13
OG0000069	B_glabrata_2	P_fucata|Pma_10015959	B_glabrata|XP_013063965.1
OG0000069	L_gigantea_2	P_fucata|Pma_10015959	L_gigantea|XP_009048448.1
OG0000069	A_granulata_2	P_fucata|Pma_10015959	A_granulata|model.g31682.t1_1
OG0000069	O_bimaculoides_2	P_fucata|Pma_10015959	O_bimaculoides|XP_014772840.1
OG0000069	H_robusta_2	P_fucata|Pma_10015959	H_robusta|ESO02510.1
OG0000069	C_virginica_2	P_fucata|Pma_10015959	C_virginica|XP_022322535.1
OG0000070	A_granulata_2	P_fucata|Pma_10013995	A_granulata|model.g32000.t1_1
OG0000070	O_bimaculoides_2	P_fucata|Pma_10013995	O_bimaculoides|XP_014789614.1
OG0000070	B_glabrata_2	P_fucata|Pma_10013995	B_glabrata|XP_013067166.1
OG0000070	H_robusta_2	P_fucata|Pma_10013995	H_robusta|ESO13213.1
OG0000070	L_gigantea_2	P_fucata|Pma_10013995	L_gigantea|XP_009063619.1
OG0000070	S_constricta_2	P_fucata|Pma_10013995	S_constricta|evm.model.ctg367.23
OG0000070	C_virginica_2	P_fucata|Pma_10013995	C_virginica|XP_022333852.1
OG0000071	C_virginica_2	P_fucata|Pma_10031795	C_virginica|XP_022343574.1, C_virginica|XP_022334317.1
OG0000074	H_robusta_2	P_fucata|Pma_10027586	H_robusta|ESO02161.1
OG0000078	S_constricta_2	P_fucata|Pma_10004484	S_constricta|evm.model.ctg149.2
